Date,Traffic Volume,Average Speed,Congestion Level,Travel Time Index,Road Capacity Utilization,Traffic_Exposure_Index
2022-01-01,35587.666666666664,40.646201550770776,86.64830991744144,1.4494919512757167,92.75265344991158,0.46280299077962955
2022-01-02,27908.81818181818,40.92090543066917,76.77430483340582,1.3657767731085952,90.35419345765126,0.34959424136350736
2022-01-03,26660.428571428572,36.21300833277899,77.03826819131747,1.4217503744580018,85.7342984294444,0.33123754609781236
2022-01-04,29571.636363636364,39.386708408856585,77.64128288839528,1.3657041651130553,92.89154074621163,0.3741222913470512
2022-01-05,32738.5,38.79159830344578,82.07830776567747,1.3641708814542972,95.07443364663463,0.420824162930791
2022-01-06,31688.0,41.9655041245164,81.19806180172024,1.3663221391489166,91.19137993425348,0.4052927688269837
2022-01-07,31174.25,35.80146055156688,84.32333724256038,1.4079024419232438,95.40625712887451,0.3978341166985627
2022-01-08,29261.666666666668,44.16361891581121,76.84517887201837,1.3580578509031893,87.23217210319375,0.36947550928840056
2022-01-09,28069.85714285714,32.79762864570143,84.34876968927158,1.3960597482040673,92.07154857014714,0.3521229881136219
2022-01-10,31479.909090909092,39.754445091494716,83.84896642919523,1.407142005671098,94.98236771944097,0.40228921673956
2022-01-11,25672.333333333332,41.21881394464558,71.17150714816381,1.2688945191922323,84.11774939078994,0.3165730360405645
2022-01-12,29387.777777777777,33.745096583614696,80.35570329712714,1.348009528413844,95.77048793466753,0.37150823552031725
2022-01-13,27640.0,42.57515420801582,68.99753618606174,1.3545847511370257,85.68865295406594,0.3455319011918458
2022-01-14,26930.4,39.072373010960796,75.83449280699678,1.3816824810722115,86.60785561394745,0.3351776157540059
2022-01-15,22563.125,37.52620865387624,65.70335848459837,1.2993931780354773,77.6595188715236,0.27073901163696334
2022-01-16,35015.875,38.572751635356866,90.98286030382567,1.451308477891045,92.18648702702734,0.45443621296874626
2022-01-17,25181.666666666668,43.373292801981115,70.52700840964697,1.3456834466922964,82.09164016079563,0.30930903540936816
2022-01-18,29106.85714285714,36.76046845266625,86.06910061843075,1.3687432100032788,100.0,0.36740442268583806
2022-01-19,31838.666666666668,40.166062166771006,90.5512035082292,1.3858206384235272,100.0,0.407646961574176
2022-01-20,28728.714285714286,44.01004650216941,76.43020097398357,1.3533542513312522,86.32145309601091,0.3616191922416253
2022-01-21,26250.6,44.26018920797584,72.27609435983948,1.318080702736836,85.95379065994591,0.325076351103497
2022-01-22,30304.444444444445,43.93038543449693,84.16179865774194,1.392187302339053,94.51003514578785,0.3849308289260318
2022-01-23,27853.777777777777,35.778051564919025,81.54643564487174,1.376490555414313,91.25456838796612,0.34888159044366807
2022-01-24,27766.272727272728,41.99954747024395,70.03365147136411,1.307605285619917,81.27133401652317,0.347387934430085
2022-01-25,23750.14285714286,35.72316181985472,79.44995291939281,1.3991637875704406,97.22074037774473,0.28844165483129564
2022-01-26,24377.833333333332,40.29433359518764,72.47239468486701,1.2698478474988848,88.90485374808395,0.29754539722624324
2022-01-27,29276.666666666668,42.466494609211516,82.2083802644682,1.4180735649893899,91.71919185685881,0.3697786024832084
2022-01-28,33439.77777777778,41.16637929831139,79.83249703234704,1.3016367414057237,93.94298025316691,0.431105330281097
2022-01-29,30880.454545454544,42.64712626168786,81.14779369729571,1.347812593175506,95.63280874959182,0.39340834308222195
2022-01-30,29726.0,40.295326769904065,78.58558160093334,1.3708584533945856,85.10408932172342,0.3763617603390317
2022-01-31,28292.11111111111,41.68442666333014,82.42993622235122,1.268745759190747,97.20716164948635,0.3553082945173352
2022-02-01,33915.555555555555,41.326657681505644,85.61434502398986,1.390711370392027,96.25518127367009,0.4381708018931
2022-02-02,29007.2,37.92366642467901,71.80375988632201,1.3194175900548828,89.07526911793988,0.36575793430747955
2022-02-03,24548.11111111111,33.739203801298444,75.9023739926828,1.4083830754618887,86.20587860969505,0.30014071870348136
2022-02-04,24972.363636363636,43.599766352899536,75.16421739782567,1.3028914399764915,92.48598574475452,0.3063061402921211
2022-02-05,31951.375,40.13889824583707,86.88024219513893,1.4579450635935702,95.37924620893345,0.40925743962735683
2022-02-06,30079.88888888889,41.472034806469836,90.43482757620075,1.4236450087312897,97.80178870153432,0.3817156965784487
2022-02-07,33452.125,38.18127041007391,89.36212345651583,1.443945129253675,92.36645702451638,0.4313927959772546
2022-02-08,27955.909090909092,37.483759209752314,82.55035989010891,1.3547573048670734,94.00126336014937,0.3503879946795252
2022-02-09,24764.727272727272,37.56688274654826,75.90965076296287,1.3457598206066501,85.93169277343813,0.3032899255376797
2022-02-10,24098.0,41.06544919746823,70.28020823416234,1.2831206444308212,91.31926771070553,0.2934069994536608
2022-02-11,28115.0,32.95451415674264,81.75193652449187,1.3862450365279437,93.86053482890988,0.35277193800974915
2022-02-12,29052.636363636364,38.27237009420295,86.53001656747178,1.3699341460238665,99.90577608500162,0.3665933107850278
2022-02-13,27841.81818181818,36.76981943489107,79.55802593890787,1.36720101138653,92.28671823392709,0.3486825537978033
2022-02-14,32634.777777777777,35.672129752380194,83.40556884155446,1.3656756998548614,96.53510395898583,0.4193464438984126
2022-02-15,27026.333333333332,42.21063840925026,71.74945559318303,1.3421724430700905,87.29997690725337,0.33652609104796455
2022-02-16,30311.81818181818,36.94293891899549,86.33513081198849,1.4575658398198421,92.88221843778005,0.3851246845151408
2022-02-17,30407.545454545456,39.6459609798807,86.14979417456743,1.4010739616073153,95.91509481201489,0.38651730913734145
2022-02-18,32064.0,42.08055532689842,82.14743718684052,1.3934948807789462,92.56102398867922,0.4108440483760176
2022-02-19,27780.0,40.906338757671385,76.57033506406685,1.3965099288367409,90.93776516038858,0.3476977233379841
2022-02-20,26699.444444444445,39.203526270552615,79.37565538479342,1.3824192019547505,94.488545020289,0.331837152019546
2022-02-21,27494.81818181818,39.85866901758117,80.13806552881884,1.3339817340493239,92.64370539302595,0.34354485960506786
2022-02-22,28656.545454545456,37.87338621470249,82.3872220009294,1.3721135536020905,96.38163481793649,0.36071324791558895
2022-02-23,30814.090909090908,37.24530990277497,83.5387344780292,1.3880182919208484,96.05174688943949,0.39250967604138426
2022-02-24,24375.222222222223,39.159331160695565,75.11907011491869,1.3052139900751285,83.1059055594013,0.29751689768418454
2022-02-25,29879.75,37.61446811504452,86.9699277982086,1.4742243520161202,98.04485109822029,0.37878023486034534
2022-02-26,20945.571428571428,39.65317484827335,65.36398421395191,1.2923800697395806,72.7152483235915,0.24686577053667108
2022-02-27,26600.714285714286,42.24781302588648,84.01391556706618,1.4056194617574163,94.19862693782305,0.33038870829473294
2022-02-28,27650.88888888889,37.965348473262104,71.54599128035649,1.3254706101704365,82.74008580445481,0.3457497207029171
2022-03-01,29186.545454545456,35.37650829366242,78.44079109751122,1.378629678841402,92.28961707899201,0.36849620371139813
2022-03-02,34503.125,40.301151246313935,90.64487825321687,1.3779599153614372,100.0,0.4468947596649655
2022-03-03,30491.5,40.37061572991819,76.89263705114548,1.4055831532019532,85.49410140769892,0.3876246058661481
2022-03-04,37506.75,44.9408479121317,85.9654013864409,1.4632318435980343,90.70264938420506,0.49101229812194513
2022-03-05,35072.666666666664,41.83917829046906,91.33017875242695,1.4179964137188417,96.31868549708281,0.45525858143117354
2022-03-06,29296.333333333332,39.29859230119205,82.38903207716113,1.336030591936347,95.55002131554363,0.3701189295575036
2022-03-07,29730.083333333332,40.428905657706544,84.71172174309615,1.314609091992426,97.59636222638034,0.3765244090026387
2022-03-08,32280.5,44.848166945977745,85.26311212169534,1.420223253416658,99.6026268666529,0.4140600281547707
2022-03-09,30433.6,41.878370635720174,83.49970588811206,1.4343451484475167,95.1330788493843,0.3868521556055862
2022-03-10,30711.5,39.40265454317835,80.73167180758203,1.374565168543504,93.40174947266883,0.39094093715207484
2022-03-11,29073.9,41.48840966079911,84.32187612180067,1.3964981649500892,95.24988086591334,0.36683462381753246
2022-03-12,32259.0,37.174536527927444,88.06597113349667,1.3959204332773396,100.0,0.41384922753463266
2022-03-13,28991.75,33.38369080800403,86.50006537460202,1.4440378356832275,97.84893906897008,0.36573927235724113
2022-03-14,28385.454545454544,42.811671842943944,78.21268815929375,1.4077593409351015,91.39151384961473,0.3566120283537473
2022-03-15,29136.0,42.30870113078136,80.00940024796338,1.3791855898423064,93.76532104131073,0.36769812855915085
2022-03-16,25985.7,39.63851603702866,76.89264950231792,1.3259445618816454,92.38654089887875,0.3212888688912695
2022-03-17,30782.5,37.65179024809438,90.52729353014136,1.3967535528774961,98.9771599005588,0.39211122739022347
2022-03-18,24339.090909090908,40.77976716761904,71.12759513524921,1.298815981173121,88.22228352923945,0.29695552884069
2022-03-19,33209.444444444445,43.087156826079095,81.64305545897636,1.3657322812623038,92.72167957511876,0.4277025944332131
2022-03-20,36424.57142857143,38.03350541089578,81.75833858659924,1.4227134375279458,88.33062692058817,0.47509851553459476
2022-03-21,26817.333333333332,46.3981298057141,76.80676345521483,1.3429986031462608,89.38526635601487,0.33345473261511505
2022-03-22,22866.75,40.17044485409718,69.77818581188947,1.3733131400418102,86.84647955817175,0.275256974508714
2022-03-23,29053.8,39.37365820811787,80.2154969506388,1.350135807406251,95.01173967140713,0.36652503185907825
2022-03-24,29243.909090909092,41.64293845681065,80.54200809551273,1.383832122770617,92.44733280031024,0.36929363034509616
2022-03-25,32259.0,36.317395786052415,84.57158843000808,1.3189526143398551,95.88780654705359,0.41381120181500575
2022-03-26,26243.81818181818,39.518811345025334,67.91454340717316,1.3470157642506209,77.89705514599626,0.3249558405727943
2022-03-27,29612.777777777777,46.416857733117574,76.93440142323114,1.4124171079392018,87.3353854172616,0.3746252130807927
2022-03-28,31676.375,37.23735466041904,88.68491216708628,1.3838732365508932,99.99165389264891,0.40527140725916805
2022-03-29,28135.777777777777,40.630553234117805,88.18642184343189,1.4013768130775872,96.9951545056916,0.3530646551199951
2022-03-30,29840.23076923077,37.078558042104994,81.95313440733707,1.4225119627245388,91.46413959100582,0.378133598677529
2022-03-31,27149.0,38.909000704540915,81.78815976373113,1.355856099236445,94.58559022772114,0.3384829753127656
2022-04-01,28024.9,37.08938641717178,79.29052473573118,1.362959008014579,91.76181531175783,0.3513715761576556
2022-04-02,23587.8,40.520478858926566,64.72043326118231,1.274728147078418,82.09670004563243,0.28581164861908687
2022-04-03,28114.5,41.998206394619125,78.3983164689257,1.3753854018524267,87.39519472661262,0.3526139330028083
2022-04-04,25162.909090909092,37.48614114993566,77.03610112785692,1.3376189750166037,93.24252268648348,0.3091963580228374
2022-04-05,27425.88888888889,43.604367175378314,80.03518716178192,1.3920064271487254,91.56165894878433,0.3424849186026213
2022-04-06,27365.272727272728,36.46226896554203,81.13861573883078,1.36505619321953,90.27938039055844,0.3416709447616537
2022-04-07,34332.25,33.16747044885092,85.72327007984347,1.4691583351091173,94.59523301280842,0.44438897563176366
2022-04-08,28605.625,41.9680178551734,77.73697285410394,1.2903000211394655,90.40522578317267,0.35985544827382343
2022-04-09,28349.454545454544,37.37508692972635,84.18832405369662,1.3605795779054877,98.00547479000994,0.35621687354670367
2022-04-10,30162.555555555555,36.46912659452151,85.27833319363867,1.4301742033843157,92.03060808735424,0.3829183808448292
2022-04-11,27050.14285714286,40.56988892401286,74.03464046515344,1.4259681010591991,85.08686773509471,0.33690435128985136
2022-04-12,34921.555555555555,39.91495610381023,92.16017024641958,1.4286736610894086,100.0,0.45307542927557165
2022-04-13,35604.142857142855,36.38316746837832,94.34437184225256,1.5,100.0,0.4631860403582553
2022-04-14,30594.285714285714,40.8956572477743,78.06008057145206,1.384814446671996,90.66324801089847,0.389164648061381
2022-04-15,28833.0,41.025505039385635,82.35562629233513,1.4023630882090803,93.2325322804242,0.3632659312863923
2022-04-16,29959.777777777777,40.4257039126336,85.1885286285163,1.4382986235205115,96.30175205474609,0.3799070128682849
2022-04-17,27284.555555555555,42.81858944855309,83.39987913795153,1.388544015209351,96.24551198562335,0.3404593137201262
2022-04-18,25512.3,41.01283606763878,76.40474752050064,1.378173773463765,85.49421871979618,0.3142681557306105
2022-04-19,34532.555555555555,41.14044142724028,83.5800667360258,1.453291529297678,84.70450792153072,0.44719592817444886
2022-04-20,32352.555555555555,34.620663423170996,80.34669086092885,1.3596536071091985,95.85192268915614,0.4151716203155732
2022-04-21,32133.2,39.035048404087426,81.24824893101454,1.3564622375269002,93.75558070232566,0.41189273691304695
2022-04-22,25528.25,43.71742083870177,78.52035802527243,1.4263083505048042,90.87847543755325,0.3145153193898132
2022-04-23,29730.125,43.86010418020233,87.07170426708596,1.4285248987249966,95.59683882432937,0.37650084964232555
2022-04-24,35627.875,37.71474487904395,92.63936802903561,1.476090910605132,97.03646901506868,0.4634946884176222
2022-04-25,25517.75,45.35805868794495,78.16486020911086,1.3486993370766711,92.12424198723801,0.31434531223403855
2022-04-26,31228.666666666668,35.57955757026726,81.00654610474996,1.3179873783194143,94.16795278293054,0.39860452061133356
2022-04-27,33452.0,32.809869733950386,83.93983154842104,1.4418966957262775,88.09301618413862,0.4313838354015328
2022-04-28,28076.125,37.387430677186,79.48350746028768,1.3794273469733138,88.5893053499971,0.3521113452054045
2022-04-29,25849.0,42.97083132462353,74.78603197110894,1.3704473159504795,89.71906200172415,0.31921139394075926
2022-04-30,23020.81818181818,43.060469802215756,69.1944232179555,1.331491779247101,88.0834311575848,0.27749616445434533
2022-05-01,26173.727272727272,42.3923566380262,70.25905839742984,1.3762311570290748,81.79799313792005,0.32392941616561016
2022-05-02,31488.272727272728,47.976638886728985,91.20973499298317,1.379352709532136,100.0,0.40240886365612505
2022-05-03,27249.666666666668,41.96521230536863,77.13712106166112,1.3340480042906038,93.56891518267024,0.3398901562079222
2022-05-04,25198.75,43.393912483435855,76.98411381780438,1.3294141660864132,91.68471639803896,0.3096551197699229
2022-05-05,36848.28571428572,41.17787920499328,94.31580703376521,1.4697675741909664,98.02628424471995,0.4814536053148795
2022-05-06,32709.416666666668,39.34916092177886,86.50114579592258,1.3978305569964213,95.7135276847614,0.4204299480953906
2022-05-07,22186.5,36.52003383972523,65.40629078533068,1.2277378379862123,80.7717121503767,0.26521206783826995
2022-05-08,23440.75,37.01343050709215,67.01153128509775,1.2525685492086038,91.22582988487055,0.28374006071078156
2022-05-09,26800.11111111111,45.549332335850345,73.07615913110082,1.3075823957730064,86.13743114973708,0.33316475368103515
2022-05-10,23309.571428571428,44.55377317925725,70.44963505003123,1.2385534444822501,87.3197560295642,0.28174085564273643
2022-05-11,25357.5,43.386855152673235,70.24118928066598,1.323372808355407,86.45185513567695,0.31191483422799027
2022-05-12,28819.5,33.88988821675034,75.2686904593629,1.355003287733819,86.48800217693804,0.3630539119009177
2022-05-13,38178.11111111111,36.45676543636842,89.80462201115498,1.4564343917526201,96.37025731575856,0.5010471049821925
2022-05-14,22745.5,40.67820681686224,75.41752509708674,1.3216851285296443,93.29362850443708,0.27353995932636643
2022-05-15,27174.3,39.12056026074878,72.51005058992337,1.3905695170897239,86.97461327294211,0.33874344457600286
2022-05-16,31670.714285714286,41.762847047908004,82.5374066210835,1.4152787211294695,90.46400274973341,0.40504869459872805
2022-05-17,29422.0,36.725040345771816,78.69380308199203,1.3559155309587048,92.0098626760106,0.371951204754625
2022-05-18,30305.0,43.84896381098548,84.84145359752688,1.4062770149007848,97.21194381183442,0.3849570208195874
2022-05-19,27337.0,44.03682437672966,76.22071290652038,1.3141674203026807,90.3166235324796,0.34113332662675716
2022-05-20,29774.11111111111,37.551485269638945,81.20860620701202,1.3668406701423736,92.89146220515366,0.3771541613606908
2022-05-21,31896.375,32.77274589400075,86.29073638231196,1.3921528788389692,94.62755324832743,0.408516370928449
2022-05-22,28335.428571428572,40.75710152639062,80.67709269992083,1.314409396276622,93.8657036901168,0.3559275086359728
2022-05-23,27997.5,39.92901867075846,81.65374658662263,1.3467922746988783,91.57200582451311,0.35095711139606034
2022-05-24,30791.76923076923,39.24544290861033,85.9825297695393,1.4330946707076484,95.31830502489551,0.39217749779941424
2022-05-25,32169.166666666668,43.32814369547586,84.19042981362121,1.35270566078412,97.91295177874849,0.4124196152851736
2022-05-26,29252.375,40.72295930245548,86.64376167392076,1.3492353057952438,94.92432663441102,0.36948965597331795
2022-05-27,36190.0,35.88665383668921,98.10000685446603,1.4715905794858997,100.0,0.471852651481966
2022-05-28,31822.75,34.88629282549327,80.15435517451478,1.3963227968620204,90.37094444992374,0.40734005990036776
2022-05-29,21356.444444444445,41.144673443851445,69.7461299221283,1.2809607717727227,83.25788612029777,0.252983598647753
2022-05-30,31327.375,40.42590288405661,87.36361317992124,1.3812829920187224,98.19388660075057,0.4000782593196228
2022-05-31,28849.636363636364,40.46890735215198,78.55799915542003,1.3727414116822727,86.20933713611966,0.3634551984596172
2022-06-01,26813.25,39.53169226903164,74.73497147366302,1.3187479005624656,86.6049562347874,0.33343758764988085
2022-06-02,34943.625,38.21208433180072,90.91566616685034,1.4129704542496146,97.68934825358714,0.45339817120015163
2022-06-03,26595.272727272728,43.379413734619924,72.64025757340265,1.320293492586701,87.11904153895536,0.33017075482427843
2022-06-04,33849.9,43.12722637316356,80.73735046859846,1.3588882878366777,94.7117461676693,0.43713704490934296
2022-06-05,32210.625,42.34208023430016,93.90725998701251,1.3985264467822454,100.0,0.4131314536167693
2022-06-06,25175.285714285714,38.835256214539925,73.24098526476426,1.352256141894383,86.8569353164867,0.3093057172022701
2022-06-07,26583.916666666668,40.19087250848545,77.05711596109025,1.3746273169282075,88.58157397967544,0.33008058694755055
2022-06-08,30058.25,40.1987918285479,84.71091763041815,1.432451656623271,92.18710119299776,0.3813385708229657
2022-06-09,36626.0,41.06187283899202,89.1496826319844,1.353205395845069,100.0,0.47814480555587807
2022-06-10,29640.4,43.72220064132404,81.23204356314235,1.3583867124974454,94.10642767462832,0.37512489558784207
2022-06-11,33299.27272727273,38.296916319616386,84.80519490019081,1.4524461080256585,93.59168768390072,0.42910684334532667
2022-06-12,27852.545454545456,32.422693227419636,78.86143510110527,1.380139352195714,91.4685391301207,0.348877057205092
2022-06-13,27630.7,38.266646065068514,81.11639511666937,1.3219906719518464,96.25972059523089,0.3455866033218389
2022-06-14,32947.88888888889,39.63272326364707,89.3457226839029,1.471208894370346,95.71682867317237,0.42396401576308296
2022-06-15,27928.2,38.61269189625567,81.05780670972682,1.3760821836027834,93.25829164531669,0.34995235063052543
2022-06-16,26636.777777777777,36.99345636160076,78.36638721829445,1.3606140720719577,85.6822899302812,0.33089165251931374
2022-06-17,30457.7,35.90250697301235,83.31056791575452,1.4293116313442475,94.74441561708062,0.38726678481415683
2022-06-18,28646.666666666668,40.72728205530971,83.10241086238803,1.4251185428817983,90.27062700311411,0.3605182256849882
2022-06-19,31297.0,35.205295619719244,91.1725717663921,1.45748684556296,100.0,0.39972573731412
2022-06-20,27919.30769230769,37.307072808464184,76.21018648488266,1.3772759233634817,90.88303751039788,0.3497843051507546
2022-06-21,29698.0,36.9256133006723,81.7612734436441,1.4047226920055174,91.9011511854885,0.37604024509815825
2022-06-22,33740.444444444445,39.004283412166416,86.65611483685046,1.3853402927574914,95.49385593599446,0.4356213274607548
2022-06-23,28323.11111111111,38.63872489159711,73.17277282245333,1.3391082542732233,86.64568154320146,0.35567490743989016
2022-06-24,29768.444444444445,38.82594690999443,82.30128142044907,1.4021132410907806,89.52084419394419,0.3770524397943545
2022-06-25,35856.666666666664,42.78926543421347,93.71008727408227,1.4060050398050317,100.0,0.466832672564215
2022-06-26,33618.27272727273,37.209076336328856,86.60679707116243,1.3896904725848551,95.73920429947151,0.4338412169411184
2022-06-27,31472.375,32.33703232223793,78.36308760165488,1.4432745310223225,85.59631683121336,0.40217075313747913
2022-06-28,35487.25,45.28855064430466,90.5073524238041,1.4505932710385112,100.0,0.4613379597997099
2022-06-29,37527.6,37.221391585651325,93.46826413130549,1.4730762361417948,99.25119589263475,0.4914998219292719
2022-06-30,26483.727272727272,41.84853336170361,69.82791562749922,1.2611065166147233,90.55907578096442,0.3285343125865261
2022-07-01,26795.3,34.01192281213044,82.74350594207237,1.4467027433114503,94.42304604856048,0.33333210781703093
2022-07-02,32480.75,36.54051985175231,77.42174952307025,1.3059049154401177,91.77216718947886,0.41699775524561744
2022-07-03,26857.833333333332,36.69930918984753,86.37657700202475,1.4412124314559704,93.81506301639224,0.3342529701983153
2022-07-04,26774.2,35.62328283982018,83.64090944305465,1.424436844376651,95.87348167726375,0.3330179071876276
2022-07-05,32147.6,44.10401249055876,89.02709775144947,1.42012442402077,97.74793915122761,0.41213406800833574
2022-07-06,36113.57142857143,30.462502000846712,88.76328895354426,1.3833226085943515,99.03272199036492,0.4707008684873376
2022-07-07,26599.81818181818,39.475369178347705,76.15974668714165,1.3681515342591117,90.42662172507875,0.3303225349790861
2022-07-08,29583.545454545456,39.09561846593817,84.15292045238974,1.3556081832456106,94.01928070698017,0.37436029402662885
2022-07-09,29321.222222222223,38.56339607256076,83.41947863920278,1.4182000413465101,96.09287106837493,0.37050459181470974
2022-07-10,26620.1,39.28202763852391,84.55156024376824,1.3849289517577228,93.595710187241,0.3307073731623044
2022-07-11,28695.75,36.30835560848703,81.44474458281269,1.3273024584848718,95.04005547666232,0.3612934442137845
2022-07-12,29421.30769230769,43.49664873028364,80.53576438436333,1.366494172005972,92.67653687331853,0.37188811279082906
2022-07-13,30578.090909090908,39.594965440407734,80.83737761912666,1.4109526976856415,87.67349982011221,0.3889506826464044
2022-07-14,31892.125,37.745805704259986,87.09961991514797,1.3596754836211655,98.47549600599118,0.4084243085529025
2022-07-15,23292.9,35.72767792135613,65.48202425770482,1.3261601120140152,78.35807278477317,0.2815089824905942
2022-07-16,21400.222222222223,39.31576121871748,67.45941342693304,1.338953682356388,79.52104453751679,0.2536129736870807
2022-07-17,27954.4,32.50928539632288,89.63649438602401,1.4258462040436863,97.20220983620581,0.35049152256104826
2022-07-18,31349.11111111111,46.255782112183404,82.51020540596356,1.3637110267805215,94.5466261460611,0.40028082316670655
2022-07-19,27207.090909090908,36.75570910128389,81.25804375614388,1.4121965563212522,93.75192505328154,0.3393535986412711
2022-07-20,20927.714285714286,38.42094106745549,64.23140320674597,1.303430463862086,76.30586859633796,0.246621318290762
2022-07-21,36498.545454545456,37.978886936175336,82.56414398775198,1.4260733276076536,91.38835232454359,0.4762084210521031
2022-07-22,25254.11111111111,37.452571024903165,77.92031493812411,1.3971137706710353,86.75967154399216,0.310520559881953
2022-07-23,26111.46153846154,44.36254927844834,71.53698390797828,1.350890156589979,85.56568360793298,0.32301799603084996
2022-07-24,29057.714285714286,36.541979772140124,88.1529832798991,1.4007073040837876,97.17341511893518,0.3666886080833813
2022-07-25,36461.3,35.80195083587984,87.09885608647878,1.3984625888776205,94.89053990670537,0.475735480345599
2022-07-26,29781.555555555555,39.16374744871072,75.1451411940335,1.3897821636734498,87.5052931332841,0.37717324663119245
2022-07-27,33055.42857142857,36.86843678458673,93.98846075259641,1.4222944612236912,100.0,0.4256341005368621
2022-07-28,29729.81818181818,39.07855450777071,86.78896747994683,1.361756480756383,94.89325942290138,0.3765410180601624
2022-07-29,28180.4,39.0124821786555,80.32805769188313,1.3920236478911427,89.75390623175676,0.3536423198367436
2022-07-30,32370.5,40.34966678899715,82.1821751809452,1.4113003896987157,94.39539184083314,0.4153852070640473
2022-07-31,26848.6,35.62739685861463,76.06360372579945,1.373459600356047,95.24800766645252,0.334047175779675
2022-08-01,32131.083333333332,34.76833806589969,86.19296267090799,1.426911864541168,93.1160200072476,0.4119456768575855
2022-08-02,23083.11111111111,41.437023601939025,75.37851066925084,1.396301441655472,88.44168481856063,0.2784846781204178
2022-08-03,31231.428571428572,37.16932682275113,83.39726729050672,1.3975079372252655,96.47672064919509,0.39865865251829835
2022-08-04,23638.625,43.328624444412334,73.66177499952654,1.3834407970291775,82.8755602624802,0.28660977131909193
2022-08-05,32331.272727272728,33.19673930549623,86.98206365003249,1.3795213374271715,97.41766105165237,0.4149356240184721
2022-08-06,29220.14285714286,35.42208530863676,80.85215698447098,1.3463311237668816,88.66853212866953,0.36899554783305605
2022-08-07,32442.222222222223,39.28592861501408,89.69238683147674,1.4065258626156245,96.93971480706864,0.4165267987147004
2022-08-08,26531.636363636364,31.443968192914202,79.17400523378477,1.384833740255843,86.59920781095761,0.32941202928587804
2022-08-09,26497.8,42.818133004179764,75.4295622998578,1.3389523614601244,88.97405034408202,0.32877221509096344
2022-08-10,26252.444444444445,38.62399796124643,80.78250204442756,1.3182917844611575,95.28295961480174,0.3252736885564153
2022-08-11,37556.555555555555,32.32886950202469,95.55059209095845,1.4694701905934395,98.75320387835033,0.4919932423060415
2022-08-12,30613.909090909092,47.217885479627064,83.4272350480715,1.3791802493621885,95.95097030533758,0.3894545950115609
2022-08-13,27941.636363636364,42.15144654859585,85.33882759352302,1.3251337048453244,99.02472973503485,0.3501731291078413
2022-08-14,27988.636363636364,42.60642987176401,77.9420796341952,1.3936262436624254,91.92466186460341,0.3507688147299821
2022-08-15,30838.222222222223,42.91469980273637,76.94249264508036,1.4287347059198856,90.40292199504808,0.3927263620490941
2022-08-16,33896.8,39.029748532095695,91.77211721772737,1.4137657626826616,100.0,0.43798638287179725
2022-08-17,26745.777777777777,42.005858416972224,77.54777029821663,1.2560237133554844,94.31149660193856,0.33247351094358196
2022-08-18,32873.375,39.9765555723846,79.92912177642478,1.4288056063684804,86.9170563329316,0.42274630396766755
2022-08-19,35695.72727272727,37.93283998806171,84.1691186634676,1.3648359080210684,92.25338898006855,0.46439998716491976
2022-08-20,28362.090909090908,43.38617860372842,79.2534738576331,1.3905670579641183,86.10077989104472,0.35624824981160613
2022-08-21,26436.9,36.72255915228803,78.78295687186251,1.4612717111414657,85.9256660648527,0.32795518301679377
2022-08-22,34558.88888888889,35.63951067407397,90.35997168957793,1.427825612113833,97.93884414251737,0.44775436785298556
2022-08-23,30033.1,42.032251828439506,80.0679039891588,1.350417431704568,94.70469783691851,0.3809199794455026
2022-08-24,39535.375,37.38355239236509,89.61734843985381,1.438607631637445,93.12523334949697,0.5210150477864632
2022-08-25,27295.636363636364,44.72049050181847,75.75221790720285,1.367559407130498,84.90802469778626,0.34049034969473924
2022-08-26,29075.454545454544,37.48670502321497,84.88993113464652,1.417655721819103,92.20730463653678,0.3668916929090534
2022-08-27,25800.444444444445,37.8388327052983,77.08737783210368,1.384972655151094,90.39685985245912,0.3185724348502233
2022-08-28,20986.454545454544,42.43850224540015,65.42038093121465,1.3217205176031104,79.33015942973564,0.24746712594296805
2022-08-29,31400.9,38.640991696464724,89.45302049946645,1.409118556875812,99.1307238033908,0.4012017375379008
2022-08-30,32379.909090909092,33.97742985844764,88.33707799761949,1.4086625212081025,99.47456498686888,0.4156640267192379
2022-08-31,33750.0,40.54686047460047,80.44455695699419,1.3885420246916653,86.9367846727284,0.4356575684554783
2022-09-01,31911.727272727272,37.729067105801526,89.96177948861651,1.4040916689686478,99.82602983460335,0.40874319616324145
2022-09-02,26000.777777777777,40.60899849592705,80.00367715388441,1.3119766435834697,91.29655259737191,0.3215222994863015
2022-09-03,34049.9,41.46052621994947,83.34449272686469,1.3606078767082475,90.47590018203586,0.44010478111079526
2022-09-04,25938.7,37.64106335342641,74.64478682908634,1.3111139487230643,89.30259940723134,0.3205855951725911
2022-09-05,33249.57142857143,38.630600599350394,83.23253896322237,1.332268121931214,93.93556463456933,0.428358917644621
2022-09-06,34063.5,38.3187769403606,86.71430389187866,1.4581842563044227,92.91912854933108,0.44037722903328624
2022-09-07,25326.9,38.91405876103427,76.19018182628021,1.3084808198213296,84.77444004930821,0.3115540986357812
2022-09-08,31585.125,49.50553353564466,90.14500003479415,1.4153531851245837,100.0,0.40381063641995657
2022-09-09,20558.1,39.01812054014953,65.50731373385563,1.2811664859855358,87.17542403244371,0.24122687134967796
2022-09-10,20241.777777777777,40.677778573524805,61.51754804547995,1.3419128980073398,79.37647435470795,0.2364837138549959
2022-09-11,35336.36363636364,38.09562489497344,90.50990546208708,1.423711218156035,97.9068929108395,0.45918212834927735
2022-09-12,31965.625,34.33573137797187,93.38094001550921,1.4481356102417027,100.0,0.409602531253019
2022-09-13,34324.5,36.757337838805874,92.27058621722368,1.4418344911395637,96.67764114241645,0.44430080403239114
2022-09-14,37371.666666666664,41.07711581209755,93.13735593376924,1.4614634981953323,97.39630659254584,0.48915165619626877
2022-09-15,27340.333333333332,32.65969514404449,76.67630122597564,1.3243375317272739,90.94531417913178,0.3413086581574693
2022-09-16,30330.25,39.41779905176844,80.24354704201426,1.3884989729544892,94.61533603537795,0.3853258807676835
2022-09-17,23915.4,40.84398594381166,66.13018216850614,1.300566304381201,78.2348880741344,0.2906296368223661
2022-09-18,27691.11111111111,36.2436726257812,72.42806236888929,1.4044204783444554,87.40122576094069,0.34638769818841697
2022-09-19,27516.81818181818,40.975162347129576,81.31023500294884,1.4076650588128665,89.75164495256368,0.3438551853265039
2022-09-20,26398.81818181818,39.24849522603797,79.7180293233567,1.3243240703807428,92.18455093849687,0.3274012826165285
2022-09-21,35200.142857142855,34.371708991658416,87.12441799857666,1.3910298955627958,96.70566185169017,0.45718103742859306
2022-09-22,30442.7,41.30435678968155,83.26295939282456,1.3896734106358752,96.21553359368524,0.38699461650967704
2022-09-23,28687.85714285714,41.03514980466572,76.90712781105435,1.2597029721468782,93.673944899698,0.36108321684301875
2022-09-24,32179.666666666668,45.987369753556976,80.85531935581791,1.3578290497235372,93.85704232999062,0.41250118336778413
2022-09-25,27989.444444444445,39.53075133885522,84.88747789280293,1.3878351071648336,97.53702390708749,0.3508951375511043
2022-09-26,29395.8,42.341154811829874,79.41375800475126,1.3722709232288595,96.85196454380679,0.3715326857487606
2022-09-27,27733.6,42.42446178945958,80.7282426826826,1.369060946508012,96.74073411474507,0.34705756671282606
2022-09-28,29722.090909090908,36.90518568515689,88.53417445447074,1.4112393496697837,99.49085783985774,0.37648430807317335
2022-09-29,23972.636363636364,41.46289269767646,69.77313572002123,1.331036510149418,85.79444173442026,0.2915288458392184
2022-09-30,34850.875,38.169117183110316,87.21356325273992,1.3761079004927557,96.29226876089992,0.45199518431052343
2022-10-01,29085.222222222223,32.23099549801944,84.72289228306575,1.368066258936631,92.6123349633601,0.3670909633091688
2022-10-02,28913.222222222223,43.94747125828238,77.0249800609791,1.3464388799443787,90.10599642548252,0.36435862657943013
2022-10-03,30429.636363636364,37.874057732011266,87.12716275756195,1.4042181944322571,96.12638633842525,0.3868704892346546
2022-10-04,33268.0,45.00584948286563,80.62066352556185,1.382805608280881,95.61728416642713,0.4285486043728782
2022-10-05,33847.875,39.17914775008506,89.49418080921288,1.4432925261239136,97.16243636729625,0.43723313513516116
2022-10-06,24330.636363636364,40.845585115590296,75.16467235115684,1.3597969839928423,88.73552250422911,0.2968666959417072
2022-10-07,27973.916666666668,42.04216924075661,79.57272298002455,1.3560217678668354,93.02490770137445,0.3505761231074381
2022-10-08,27376.727272727272,38.69383887948524,82.36913241181989,1.433275815520554,89.79061055774169,0.3418247823231187
2022-10-09,36328.9,42.25792884077238,85.37904469023604,1.3652978105680988,95.52195857249899,0.4737052927762373
2022-10-10,32734.18181818182,36.43627208393995,84.98881230263798,1.4347350199088325,95.04706664508186,0.42081001708207866
2022-10-11,24061.428571428572,48.18770464829164,74.26030422096044,1.331973349890394,89.32438759492071,0.2928186621678683
2022-10-12,32411.333333333332,35.2646025233504,85.94872905138973,1.3871174419360899,100.0,0.4160953914088415
2022-10-13,30873.81818181818,37.325887236512756,85.39168601449319,1.4068379239801083,97.4454074345098,0.39341017483976953
2022-10-14,28922.666666666668,34.60154578886787,79.20565918309775,1.3846233608577352,88.90954523246623,0.36460956252032883
2022-10-15,25504.090909090908,44.79196458082409,68.85959075684842,1.3063953821867675,81.8691860753137,0.3140284009705081
2022-10-16,33143.42857142857,33.54618722294989,88.5113339778823,1.4684153434224123,91.91894115378305,0.4268854096315383
2022-10-17,31193.363636363636,37.67095458515439,80.90188352852887,1.3519489305999082,95.39928724846808,0.39806693302110896
2022-10-18,31716.6,37.574500253606935,79.61923126809324,1.3732140505875154,93.76730686548464,0.4057578389600326
2022-10-19,28122.75,39.49508660228716,73.04275471197268,1.3516775791542746,84.69637125536609,0.35270525771317723
2022-10-20,36629.90909090909,36.820215604525174,86.4598442292373,1.4269839731898033,96.95115451292351,0.47821185491891777
2022-10-21,33245.625,39.29124755009756,89.99911261958937,1.4023492372603705,99.93776095996644,0.4283763470734033
2022-10-22,30233.1,34.20601248923731,89.2754793566188,1.341809445955806,100.0,0.3840481526986589
2022-10-23,25710.333333333332,37.7672684292126,76.95458044033248,1.3677918334822445,85.42548143763707,0.3172237045431278
2022-10-24,27996.7,37.1673882069441,81.7575589301928,1.3922077544728548,90.99943851499572,0.3509730393438232
2022-10-25,26270.4,36.774973896135954,84.62153535960792,1.3826630345511366,95.46602079373409,0.3255909913195013
2022-10-26,29896.333333333332,47.63417831343292,80.44224536803095,1.1728586776625944,95.50198943486693,0.37885217294542173
2022-10-27,31400.363636363636,36.28747653099098,84.4134942718454,1.3452470598811208,96.70936946899833,0.401165720669572
2022-10-28,34397.875,37.795139819636596,85.37551993862577,1.4254076751885774,93.5818559349179,0.44529958916293694
2022-10-29,31360.555555555555,41.126939802865536,89.10192630565952,1.4392164982048468,98.956975992552,0.400577732590769
2022-10-30,28435.363636363636,39.28719187007778,81.53116165966361,1.3837290831814955,93.86674193192758,0.3574225404358128
2022-10-31,27208.0,39.838604759273835,79.9721769711377,1.4055264356068253,94.51727451315082,0.33932692204087983
2022-11-01,34542.625,39.976837860400515,91.9871990875129,1.4234969810591775,100.0,0.4474915121522598
2022-11-02,29123.7,41.445807064133575,82.43694235081705,1.4170213634626334,94.0135095915497,0.36754766135381345
2022-11-03,28187.615384615383,44.416163535949906,75.60645515332419,1.335401274953446,89.87979188624611,0.3536522973534737
2022-11-04,33796.444444444445,38.151067877269085,89.53466746341539,1.3373508488987758,98.21318880515581,0.436490678225729
2022-11-05,28141.363636363636,40.74139498227417,83.5681409997262,1.3687345429421371,93.8337153084869,0.3530934540822835
2022-11-06,34539.2,39.260336894920755,91.37534194125237,1.449787585001876,95.83975754290267,0.4474260507394677
2022-11-07,34725.09090909091,40.663348771148804,84.09638558923784,1.4067676862455707,91.9330058717308,0.4500716381504662
2022-11-08,28009.0,37.875001934782524,77.15530315280469,1.379564597055492,90.84492289544737,0.3511073352895717
2022-11-09,25707.923076923078,39.81492097975137,74.08501541962178,1.3785392298824042,88.08581148478312,0.3171537433479703
2022-11-10,27609.14285714286,39.19168028728075,74.59017514275958,1.3187939564327726,90.75193152286512,0.3451811981680994
2022-11-11,25327.727272727272,37.826682645247956,72.70496947473087,1.339417572160455,91.46252993880611,0.31157666765737574
2022-11-12,27440.14285714286,38.8330668705655,81.79024941521145,1.2966739537801624,99.53272015890018,0.3427930064201359
2022-11-13,26737.1,40.92727000197601,65.63687509739637,1.2975871660197602,81.11353967225702,0.3322014033567227
2022-11-14,31457.555555555555,35.96977427181721,85.94834692203939,1.430986118412844,94.69714445033543,0.40201633315753255
2022-11-15,29051.8,34.852298987220635,90.57995348718616,1.4100387499715485,100.0,0.3666516308865247
2022-11-16,20860.11111111111,49.28545894542761,71.60121614514031,1.3550668336731806,85.8377657779467,0.245613553542286
2022-11-17,26758.636363636364,38.52042838469034,73.95006950702097,1.312964428626671,88.51007465778352,0.3326451355365884
2022-11-18,32204.6,39.5653550481786,87.88113435287053,1.4503628939250734,92.85142071794488,0.4129913270284836
2022-11-19,26958.3,41.41342706327175,82.29640129595222,1.2959801493119514,96.41334759143805,0.33565926094018395
2022-11-20,24186.285714285714,46.519683770202036,69.50244263337369,1.2698957809906488,90.53377035887192,0.2946401848355845
2022-11-21,32077.88888888889,31.43959586845257,83.1530693820157,1.435352906316868,89.0419967412423,0.4111544282901451
2022-11-22,28251.846153846152,42.878299328986934,77.20536692647553,1.3957254985294334,91.94355362247451,0.35463701965765676
2022-11-23,25553.11111111111,40.68702108165853,76.84244524475045,1.3736379621189516,91.66207572375917,0.3149023704206956
2022-11-24,30351.88888888889,44.97517225773971,84.21845307139672,1.3487216927636725,94.1459633445513,0.38561747202950714
2022-11-25,29095.1,39.73600329507395,84.21177834118872,1.42494218360351,92.79497463771031,0.3671542070715739
2022-11-26,33073.63636363636,44.209111233652465,84.19657138342232,1.340590607356459,98.86193690328254,0.42573751634212154
2022-11-27,32169.0,43.806380425378755,79.64805365602422,1.3404040817941394,89.14943223142667,0.4123369589616904
2022-11-28,36722.22222222222,29.2291707866882,98.51515385354341,1.5,100.0,0.47976614513548976
2022-11-29,33854.583333333336,38.82326119725108,86.65375388929061,1.4063562513416317,96.3139519118451,0.43730806057981014
2022-11-30,30353.8,38.9174178269365,78.96404520561472,1.378706578533444,93.06365100923875,0.3856607041234101
2022-12-01,27490.5,41.20311880307789,78.84885279266655,1.4319973707165854,82.6594640496267,0.3434146455858956
2022-12-02,28913.083333333332,43.122889529743254,75.24463792314259,1.3589537341349693,91.5085727472521,0.3643562265813298
2022-12-03,23262.285714285714,42.200877333583655,64.3473602656275,1.2590056295951253,88.91918985374113,0.2810245284646312
2022-12-04,31613.714285714286,42.91797097753607,83.82310570598409,1.311653983536921,94.84469886366675,0.4042257325011091
2022-12-05,30999.333333333332,30.629311120779462,89.29254045169723,1.3648624267270753,99.47525426790445,0.3953707203087588
2022-12-06,27418.625,37.3278023538378,77.6178235370197,1.351373763239933,87.85186841840539,0.34240782677881343
2022-12-07,32170.2,42.12239320464751,80.27197497787802,1.382679638189645,92.44089526493566,0.412391636207896
2022-12-08,27595.1,38.424793202714284,74.53434103448629,1.3412693203800896,88.55212604952412,0.34497277694506356
2022-12-09,34393.0,35.171024767934,93.8430891361854,1.4661573137646877,96.74212407699724,0.4453401353292013
2022-12-10,22805.25,37.79032461100329,69.12565136460384,1.2840445170885475,82.05314324647819,0.27435005756594094
2022-12-11,31139.363636363636,33.4251424228592,87.75906275418063,1.4487588584334117,95.63309493177736,0.39737527681991475
2022-12-12,28349.5,41.709953646416494,79.23144699766179,1.3336120287444757,93.17251041593028,0.3561097552791146
2022-12-13,32095.0,35.479337488671426,82.14150876844664,1.3900699814827335,89.63908024333453,0.4113577840897771
2022-12-14,23808.11111111111,37.36657648966842,70.36433014385695,1.3070793342460465,81.89937767815523,0.2891369101506342
2022-12-15,27930.777777777777,47.555439173032916,80.13498435320028,1.369462076758993,94.42685955052596,0.3498933519408045
2022-12-16,28594.0,44.33859426027009,77.37035155306894,1.3394445368729098,93.25803630126201,0.3596683926230773
2022-12-17,31357.85714285714,32.61200257681469,91.1962849142396,1.4474010098898298,98.77089935268809,0.40064445580718494
2022-12-18,35815.3,39.24623912202717,91.53435196280442,1.4120501672194403,98.90752727665868,0.46623771842994755
2022-12-19,24233.833333333332,41.07030174277674,66.85514538070198,1.3089051459549808,77.90396576924145,0.29532264187057383
2022-12-20,34490.444444444445,37.811938644544604,87.38211890513927,1.3693011504677055,97.86016371009799,0.4466976549619811
2022-12-21,31699.0,39.51454176086714,83.07204284864707,1.4037647835018743,93.25755283891904,0.4055052186088566
2022-12-22,35870.166666666664,40.953438749499064,78.91968105623282,1.3914456973135836,91.40120476501069,0.46689010165619643
2022-12-23,33221.2,36.55968235582882,89.41603649373248,1.4417075726587825,94.88085428364344,0.4280192732136032
2022-12-24,32303.2,40.339152148323464,88.7693253498847,1.406607518128053,98.45533444204736,0.41446647724580554
2022-12-25,30660.2,41.5054821743664,80.60374619435179,1.4240263627850438,93.90320056689828,0.3901643855439082
2022-12-26,25987.636363636364,38.358191194465206,76.07231069689075,1.3330680965078174,92.40944035512837,0.3213240847097874
2022-12-27,28484.555555555555,40.155503357359486,81.13239106291051,1.3642673657982998,89.4952859999689,0.35811618307438037
2022-12-28,31293.5,39.264454791114495,83.22460866771091,1.4021527991537694,91.44188589458096,0.39952831971450886
2022-12-29,33901.4,37.287108427311765,94.8438635047026,1.4747729500962374,97.98675712441806,0.4380901177631561
2022-12-30,24917.88888888889,35.99704847060326,77.9117849960167,1.3728170613794555,89.78853824924589,0.3055957693015091
2022-12-31,30158.666666666668,38.69600921291811,77.79750146852176,1.3157863880642118,94.69411548230717,0.3827854250844616
2023-01-01,32352.5,35.15976983172088,79.93871663942164,1.421674896085017,90.39779941758896,0.4151390019639349
2023-01-02,29732.0,36.92797047133745,84.03542916236118,1.3348622828530117,92.6457800734975,0.37656303522632373
2023-01-03,30052.222222222223,40.81798532173111,86.11785152654986,1.3967067109206248,93.42207321825144,0.38126015426904647
2023-01-04,30770.18181818182,43.143781336188106,86.96647323640234,1.393626916585403,94.0650526357545,0.39182133160106913
2023-01-05,31264.14285714286,38.15527348125524,79.1951511590307,1.3561773396385537,91.6635686942141,0.3990743706468343
2023-01-06,28318.363636363636,41.876499759822416,76.0565916991631,1.2876659679804598,89.91653191752383,0.35560873207029214
2023-01-07,25239.25,47.20873842004296,70.72732099799745,1.2793984092457185,85.29924044900542,0.3101318108637851
2023-01-08,22123.0,38.65498749020105,72.48897484837782,1.302423146899928,87.42218075321887,0.26434214732532524
2023-01-09,28362.0,38.03354634600816,83.66070010913447,1.3587863743931867,98.43982660352708,0.35639212395912206
2023-01-10,26924.333333333332,37.95848066006494,80.253877071931,1.4332034341273783,89.99548502869706,0.33515164533456104
2023-01-11,27100.8,36.32197763844958,72.12293556522762,1.3904770794652461,78.69843124455244,0.33765211736314316
2023-01-12,35241.555555555555,33.41238080634238,91.3479016164639,1.4586180425358148,98.27427340614514,0.45784359246691203
2023-01-13,27420.88888888889,38.42841599078873,74.35513593909769,1.4094846104133996,85.61924368945334,0.3423929793542089
2023-01-14,29259.555555555555,39.51566494061686,79.61448664882585,1.3902092313663679,89.35251876484475,0.3695256856076385
2023-01-15,31901.85714285714,36.17423577509217,87.27421907800503,1.448391560909925,98.58512637200491,0.4085865066620419
2023-01-16,25687.875,43.52491752479641,72.3999770702013,1.3337035492206113,88.77359655644186,0.31680791465338004
2023-01-17,23767.4,40.70804642843281,71.0378732304269,1.323616189164202,87.03976908123275,0.28852943568982137
2023-01-18,32185.0,40.32463174177628,89.06333522438698,1.4539625946483472,96.71482675229127,0.4127208488346671
2023-01-19,27361.0,40.87745789693094,77.15073400006382,1.3980112193892158,84.15699647329198,0.3415023547627034
2023-01-20,36340.71428571428,34.50521835534219,92.50497324837957,1.454212231596331,100.0,0.4740400955818722
2023-01-21,34777.75,35.23987409293666,90.75891468864339,1.4344734369659573,97.7653856824386,0.45098513441591553
2023-01-22,24418.25,39.574922772289476,73.56906957133299,1.3350952092784927,85.86027503977617,0.29814501126357285
2023-01-23,26406.416666666668,41.72221669781773,78.6934960958456,1.361521385121857,93.91856565519998,0.32748601398768157
2023-01-24,25838.466666666667,37.99816354507974,74.38763585043425,1.3558538536793157,88.32611412855304,0.31909927757829876
2023-01-25,25287.272727272728,40.11449368117605,72.58368856183677,1.33771992265594,82.13555411609788,0.31091640323352093
2023-01-26,32453.875,35.12401347524816,88.43598648496804,1.4315922111080277,95.84284776360467,0.41672715244122704
2023-01-27,30644.3,39.82176712487964,83.27947144928929,1.39978260016719,89.44066000748708,0.38995152725666354
2023-01-28,24095.909090909092,41.462890479723086,64.50993986403124,1.3279694790421808,82.34491707900452,0.29328586602926887
2023-01-29,25698.4,45.52105729620931,71.18593862162741,1.3012616520715754,88.23850150140626,0.316929341478011
2023-01-30,25402.666666666668,38.474313388444806,63.313531457648615,1.301098549021569,76.29970386283036,0.3125307108818107
2023-01-31,33882.0,40.16591205482347,89.91254254204458,1.4199908161850963,98.57496094608106,0.4377347949587259
2023-02-01,33371.25,48.170344345523915,87.23195920269795,1.2548076341603802,100.0,0.43010977586051424
2023-02-02,29381.666666666668,44.143413203967874,80.54593746695542,1.3613838468139468,93.54828366722101,0.3713011136784546
2023-02-03,28888.85714285714,34.61101583254939,75.43111792252388,1.312859947249114,87.60430014953204,0.36407386895414245
2023-02-04,27716.166666666668,48.54202370844671,84.14808467023964,1.3204357204745871,94.60582952398856,0.34675599635114934
2023-02-05,30967.444444444445,38.916368082369196,75.9954131117535,1.3675485068468716,88.95273976126136,0.39465758998902717
2023-02-06,27390.9,38.98554635386315,76.92701736775619,1.3942345571373695,85.68769227212348,0.34196724222767144
2023-02-07,27227.7,36.3760015134244,83.87534484297667,1.43102770287638,94.51467207495703,0.33968649356195424
2023-02-08,33396.545454545456,38.12016404469186,94.67982829384984,1.4640595948313833,100.0,0.43065170429824867
2023-02-09,30177.333333333332,36.96695595625357,77.12841984637824,1.3682892390538486,91.12602692358858,0.3830581567444297
2023-02-10,22449.4,45.762230657094484,66.14200032845415,1.2781906338920352,81.13049918241093,0.268995354310848
2023-02-11,30268.4,37.035261202515336,87.6396460104472,1.3865096108773263,95.57771683419661,0.3845061731324056
2023-02-12,21155.5,44.15157260492606,63.06365978371839,1.319343252356541,75.10417172527002,0.24990157088611362
2023-02-13,35092.25,43.88234308691898,85.28234221274926,1.448008095953989,89.62621776918921,0.4554466067485508
2023-02-14,24745.5,37.692830313976245,67.42911884794651,1.2661066643594736,78.02312252649531,0.30290037195083663
2023-02-15,32883.375,32.82881225138977,86.3418951165305,1.4342481697824865,96.33032169582859,0.42306243296938895
2023-02-16,26925.5,38.805220242638846,74.60086062924964,1.3815097431661243,87.73881152919009,0.33510262300932026
2023-02-17,29232.7,37.07186740629698,80.85150993830536,1.3981313078755604,90.10801276385737,0.3691694315968296
2023-02-18,26370.916666666668,41.18589726953301,71.747534472357,1.314430261251353,87.6573462166586,0.3268837124720598
2023-02-19,27009.0,40.08969686102642,73.87987919102022,1.3220874987921536,89.04054768585452,0.3363182539929902
2023-02-20,30087.333333333332,45.501972217510904,74.8893562711517,1.3601222373355177,87.10278506990535,0.38160680647822937
2023-02-21,23482.727272727272,38.98713124545413,67.67481925370411,1.279985471096519,88.2078085058653,0.2843306315424167
2023-02-22,22721.916666666668,41.10581314058638,70.45479711716413,1.2711276251787649,87.81266894796829,0.2731230154752878
2023-02-23,30493.875,36.52921980506565,82.81647644083839,1.3953661093366363,89.99303127080191,0.38776876310639535
2023-02-24,22253.428571428572,46.216818804488256,64.28470266628503,1.2677656896392955,78.43301062565044,0.26607680883903234
2023-02-25,30531.666666666668,36.96891026403077,77.96227541466152,1.4085446166091025,90.67973917757776,0.38828290820849465
2023-02-26,34045.1,34.75367510499473,86.2242522161606,1.4658615893451714,93.41734524900946,0.4401417052961948
2023-02-27,30288.2,42.428942585036864,78.50856038854002,1.4124048401889502,92.03103334706148,0.38464940638112294
2023-02-28,29788.875,41.914700697199486,79.31250588389176,1.4454886375346159,86.24904951924337,0.37728214560199463
2023-03-01,32025.11111111111,33.489726438366624,79.74165006261859,1.4159138777678562,88.95043212586395,0.41032623880141256
2023-03-02,27509.428571428572,40.13724554337491,80.98705952582415,1.2864254435997418,92.74984826085924,0.3437645378473622
2023-03-03,30394.727272727272,37.781609204919526,84.3431569159313,1.3733650843887628,93.61190395015983,0.3863230915684844
2023-03-04,22365.7,41.02478845442075,72.28126459859581,1.342277086836064,83.8434538511552,0.26787563208735465
2023-03-05,31321.666666666668,38.424532399790294,79.79195915401101,1.3682607997826546,89.72294649193047,0.3999157916816298
2023-03-06,24734.2,45.57685096127337,83.73815676096817,1.4439505960283272,94.78374781115272,0.3028595330172768
2023-03-07,23690.666666666668,39.573433762409564,77.6022157665726,1.3184900409858389,91.54151055388894,0.28748524235856865
2023-03-08,27023.25,40.40633859357479,79.82002459935403,1.3410682446192406,96.61920729447638,0.3366068065332175
2023-03-09,24314.0,39.854287473111945,66.87256805015977,1.2980549161433552,80.4315607138701,0.2965270600928111
2023-03-10,33570.875,38.55137948601476,87.53646743845592,1.4376218508739689,93.20135706443816,0.4331262535661201
2023-03-11,30571.0,30.993515283183722,85.20799071907356,1.433222767074897,95.19081742553742,0.3890052534474197
2023-03-12,34849.11111111111,40.294982578545415,82.9940218904316,1.4305385598936384,89.09765563512227,0.45188126575432974
2023-03-13,26059.2,40.826482569153,82.29677548273483,1.37437525934859,94.22996137457305,0.3224125024999455
2023-03-14,24188.4,38.12204380706292,71.80011830008269,1.3958397971030174,83.79398245419962,0.2947511912710266
2023-03-15,32349.88888888889,33.577352183750946,83.71593705426157,1.4156137887726357,93.4155993688581,0.4151616586865107
2023-03-16,29931.777777777777,36.01355884376355,74.4013925504939,1.3986103665753988,91.29856476013893,0.3794289626777622
2023-03-17,29151.7,38.95537933374293,88.9369870253861,1.4227226324241813,98.52215342324753,0.36806002792010173
2023-03-18,31942.909090909092,36.6045230244871,86.89330478914404,1.3762829965836987,95.93896070597876,0.40917204317028444
2023-03-19,22942.8,36.9789674652602,73.13075846176244,1.3044399606268389,92.78781582834722,0.2764637341985975
2023-03-20,34394.77777777778,39.04856397485648,81.23450712439534,1.4070036285505911,88.82900356136686,0.4451858407197199
2023-03-21,28533.444444444445,39.64334667045596,83.93063109341392,1.3293856530354633,98.233088512104,0.358901904952585
2023-03-22,35451.5,40.33768869297248,88.0988743835016,1.3448571306595394,95.41239083291488,0.46082341464189336
2023-03-23,30656.2,39.19988527165667,82.364126824865,1.4055714622786588,96.30183342780022,0.390154557992654
2023-03-24,33867.5,40.7016158423274,85.86460496575214,1.452976215465505,90.84124107229965,0.4374490852025694
2023-03-25,28063.083333333332,34.99201182156152,78.20187343915096,1.3939550412970485,92.34542553193303,0.3519495219347188
2023-03-26,30464.125,38.62299307803074,86.28461884756442,1.4303615864314132,93.36627274166823,0.38735204123813727
2023-03-27,30908.333333333332,46.02242215447731,76.58424829859791,1.364926972100385,88.98535024584913,0.39371717621461744
2023-03-28,34820.0,41.307499806850466,92.934381482832,1.4000099513395565,100.0,0.4515712223572781
2023-03-29,34539.75,37.557316824315286,97.58304489263485,1.4536277028504465,100.0,0.44752184882823237
2023-03-30,27142.545454545456,39.21067910378437,80.82808787587209,1.3650265235891432,92.55142358733188,0.33836811946174206
2023-03-31,23185.076923076922,42.87596184558842,72.26797201158045,1.3233767017505405,86.08249204725156,0.27993511394522796
2023-04-01,25342.875,41.39725233432824,74.52651802125074,1.3702418479939065,90.49210409967048,0.31177360902186846
2023-04-02,28652.4,43.13369516609735,79.1076983836106,1.3385773428187628,90.28502256794384,0.3605434317232545
2023-04-03,33534.875,33.17420381010159,93.52219438435787,1.487157914732018,100.0,0.43273174292598
2023-04-04,24359.333333333332,37.41164756916175,75.79214007836661,1.316218117491775,94.03328074869722,0.29735293860825524
2023-04-05,32374.8,39.34193022716678,84.2634057811903,1.429945023845565,89.88386185310384,0.41545776011389296
2023-04-06,30430.625,42.35099543166424,84.96213121179906,1.3922490868978235,94.01942236663547,0.3868108054973277
2023-04-07,19738.0,40.57165619528684,62.06528373372153,1.2423392376092375,82.64894909120082,0.22908196026911143
2023-04-08,31092.85714285714,36.83608094353441,85.75506063111509,1.430838887667891,91.84438446050737,0.39662144070787386
2023-04-09,35154.42857142857,36.001100810134325,85.13877121811257,1.3823624724678965,92.31705588038504,0.45645528440055866
2023-04-10,32235.875,34.67534408805989,81.39514475134689,1.4212297708041932,89.59019687104872,0.41343502769961665
2023-04-11,27554.5,38.645057657596126,82.82492888600623,1.358946165639256,93.38655760659239,0.344462612050735
2023-04-12,29621.75,40.94841844039607,91.47998959526001,1.4494622677835562,100.0,0.3749908070911762
2023-04-13,30501.0,35.469192713757025,80.03537282833648,1.38441779229625,91.91946698624373,0.3878695224235738
2023-04-14,27363.5,43.11011281961508,83.48339740014377,1.305622604762093,93.56191404819417,0.3416081870962709
2023-04-15,29304.81818181818,42.02062206393386,80.05088639401197,1.379047179971534,93.98253289924493,0.3701891771560762
2023-04-16,36161.454545454544,37.71432996832202,91.01061990564341,1.454347741105957,96.26509618695331,0.4713374705811432
2023-04-17,34236.42857142857,40.241294652108806,79.76258442150284,1.4043397994685975,91.85560331878852,0.44284108543527967
2023-04-18,29361.0,42.373709184196336,76.89024946348789,1.3101423800894636,91.27038464623742,0.37097473243474716
2023-04-19,30702.2,47.54257139519122,90.10285804383085,1.4579622152874285,97.58047000060024,0.39081511745525016
2023-04-20,30800.0,38.64934343545889,88.04479987742366,1.3570578947002772,99.78239268264524,0.3923408388276263
2023-04-21,28303.0,44.35013257343678,71.00993880540052,1.3220412077728088,83.38281427021946,0.3552865600611827
2023-04-22,32136.1,40.91366296445964,81.55134145920144,1.3671333504416452,92.05927676983143,0.4119111457367762
2023-04-23,34914.36363636364,33.97640469715002,93.807658419874,1.4697765354618086,98.33030031076686,0.4530389865057794
2023-04-24,26493.375,36.70551404476856,76.15149485650039,1.313748986691661,88.45873931759199,0.3287751502149703
2023-04-25,25803.75,41.584996991063754,69.80683198314286,1.2623161088982953,89.4465127584699,0.3185159120469016
2023-04-26,28759.5,37.56920710041596,80.40445476314873,1.3869856383801735,91.30688026429745,0.362195022138801
2023-04-27,34043.857142857145,35.60535643903083,83.28472068545243,1.4346901536579357,88.00375582863752,0.4400667780890614
2023-04-28,24999.0,35.13941318196889,70.05558657503853,1.2959126212694598,75.84627512555743,0.3066744593897663
2023-04-29,26658.25,35.1085373526243,74.16257403017386,1.3010031624609435,84.42906270100917,0.3311868685916719
2023-04-30,32904.9,31.48114200811296,84.43844058552659,1.3805066687208436,95.04418050588436,0.4233720228259979
2023-05-01,26211.1,39.23420615255462,79.42273109971947,1.3567660733223268,96.71752382728184,0.324653002928959
2023-05-02,30422.285714285714,33.297072454290564,79.49431654990666,1.4283658946175508,88.9131696597465,0.3867158642148886
2023-05-03,26359.9,38.926551311746024,79.11329558773342,1.348478886735706,89.58135597147559,0.32681544608447766
2023-05-04,26677.0,42.134276619939435,77.13804732700716,1.3334885675470167,93.08405668987335,0.3314507488140743
2023-05-05,30239.6,36.38985207918057,83.45174697343369,1.417822654048523,92.7901749853742,0.38404187808370754
2023-05-06,37578.22222222222,39.81368807159843,87.58138553752804,1.4666013940011546,94.79533837549157,0.492149898301504
2023-05-07,31278.777777777777,40.688232523931305,82.88114508082805,1.364885176772711,93.22601032700423,0.39930093624333884
2023-05-08,32926.0,37.51320523037384,85.61585121030191,1.3548087079115039,93.84593256845315,0.42362412565034235
2023-05-09,34273.625,47.42104675917619,89.12388279399292,1.4841244977497285,92.94575655258981,0.4433971807987903
2023-05-10,31099.222222222223,37.053980436008814,83.758354247712,1.3716332853543505,88.67046159977264,0.3966824938423775
2023-05-11,34798.25,42.621644693434554,88.2572535738297,1.4179256886563252,94.6089603902537,0.451175026924509
2023-05-12,30533.333333333332,39.14524781470656,80.74342846022404,1.342091166013496,93.2909016983001,0.38831867988563706
2023-05-13,29226.0,45.41255330367358,83.4514759943557,1.3849508757823807,93.91535720583333,0.3690208332030673
2023-05-14,28915.18181818182,35.37160423299812,85.19918698434692,1.3646258345512108,97.80749160130785,0.3645790196762093
2023-05-15,27970.571428571428,31.480630888911467,85.3560655594439,1.330433746599727,97.58344735358006,0.3507057299714996
2023-05-16,31112.25,39.05683542166561,80.20277339978641,1.3979093951009336,93.56106577196456,0.39684408941089566
2023-05-17,25287.9,38.71223689266339,81.43297480733023,1.3931299886859985,95.51879585785788,0.3110714438597601
2023-05-18,25441.727272727272,43.88129646277047,70.80057496346488,1.3629504444635263,83.13083545627032,0.31314122899417246
2023-05-19,19788.88888888889,42.083165318035135,62.83725222612546,1.2745513580415126,78.70457903541475,0.22980570184730956
2023-05-20,32650.416666666668,40.66915840419889,91.73087867370293,1.4520125836434448,95.47326034671518,0.4195902048501316
2023-05-21,31211.125,34.475790675368366,87.7090149315251,1.2756084804591477,97.85702837310767,0.3984295036599132
2023-05-22,34414.625,40.41196084700204,88.31873988930303,1.4176711816009135,95.34159687781397,0.44555093726395834
2023-05-23,29282.6,41.258407674401184,76.54460544375658,1.3468767694189947,87.78150807905479,0.36981416772121134
2023-05-24,14787.5,45.84852093620891,50.91322384754066,1.2030362056055666,62.37801293736446,0.15592437900688852
2023-05-25,27207.5,38.37988117177123,77.38841360789044,1.399758091912049,93.46438862773657,0.33930870110873085
2023-05-26,18582.14285714286,47.50399402931112,60.79854937357509,1.2880645383804243,77.01693799082129,0.21194864050041323
2023-05-27,38299.333333333336,41.52516046221938,88.31844248688827,1.429534056287088,95.8429003826337,0.5027645829865102
2023-05-28,23998.7,42.48690017464516,77.58700949927248,1.3458856110246877,89.68644350940875,0.2919842134527684
2023-05-29,24664.76923076923,39.21185884164436,75.72030567768022,1.3529492123152216,87.4460800413414,0.3018050084393499
2023-05-30,24620.2,42.74812120815822,76.11359873769096,1.3434137180665053,96.31879124310025,0.301151892329459
2023-05-31,29573.545454545456,37.18636637800097,84.25470527646134,1.3729164081492997,94.00176586706192,0.37423393475766903
2023-06-01,36770.88888888889,44.46576013499497,84.61143596578809,1.392788863413144,95.03301048094801,0.4801843203111914
2023-06-02,36219.25,40.89144046796047,86.05665898290164,1.4195325407879549,92.49471466672308,0.4720976764759535
2023-06-03,29586.75,40.87443006970951,79.18626869897946,1.4369829071307754,88.5342386916247,0.3743242336926885
2023-06-04,39365.0,38.608971778578585,84.6922221149693,1.3861122481704204,94.15116586236546,0.5184551074076268
2023-06-05,30061.363636363636,41.582270929609365,82.96277180703476,1.3242416233106524,93.15209330324559,0.3813587704564522
2023-06-06,24789.916666666668,43.92988198929817,70.48618289729922,1.2279994699908146,90.27273788054315,0.3035661483472308
2023-06-07,32628.555555555555,39.798662410398656,83.43052242335155,1.3883408119016944,94.96742415653902,0.4192050777037688
2023-06-08,27481.428571428572,50.353769903484064,86.62168970141525,1.3601479790616742,96.78001485102605,0.34330929289821743
2023-06-09,27117.4,36.34445664022448,73.37955433881109,1.405912228980414,83.88265333810756,0.33792886612098344
2023-06-10,22364.85714285714,38.50805671698273,70.46111636354549,1.2998524121821726,85.97470771480594,0.26788316714457816
2023-06-11,37293.57142857143,36.2429517230073,97.88458381634359,1.5,100.0,0.4881032272396734
2023-06-12,31945.625,37.258857062445266,87.86424320513791,1.4512468861290013,92.39800084920125,0.4091987502936661
2023-06-13,32326.11111111111,42.13587076091154,78.20598671745118,1.38039129902515,87.84596458033018,0.41465138478917063
2023-06-14,32613.555555555555,45.69960136201081,83.67106115777796,1.3283653748173736,94.96777262940395,0.41892380798587303
2023-06-15,22076.454545454544,39.35997861867553,65.77863054940237,1.2991959419351247,80.68465745693909,0.2635642447323415
2023-06-16,26622.375,35.4612293099912,81.03833828074931,1.3480560409233162,86.88959498922856,0.3307231349294508
2023-06-17,34306.1,41.99166816289347,84.95176847399918,1.3933736976375637,90.70895036437625,0.44388776180511946
2023-06-18,23558.0,38.62851008333617,72.77453302893244,1.3831421573179443,87.94086375116028,0.2854854369386716
2023-06-19,27584.5,42.355491115337514,81.84042409031349,1.3796392393378805,93.30183398412393,0.3448569267697499
2023-06-20,31829.8,35.565694424753985,88.23215991951143,1.38365541680547,100.0,0.40754522660770504
2023-06-21,30243.636363636364,35.48405978761098,81.53840434774514,1.4065562950101151,90.10949511436398,0.38408343087384617
2023-06-22,28106.11111111111,38.73832714380329,77.61838079213345,1.2892417251872192,91.71559763215924,0.3525359166351278
2023-06-23,27521.222222222223,44.69217011248527,83.6989945618892,1.331443007300332,94.8849271269298,0.34392233983784193
2023-06-24,34759.444444444445,34.698736456752165,85.46033073493903,1.4205402292767002,93.90919594547846,0.45066029227970383
2023-06-25,32123.333333333332,35.11091635855241,87.85843529546044,1.423766491161621,95.5252719594983,0.4118520573688362
2023-06-26,35647.25,41.922536409322745,87.76284214764819,1.4229685360845243,98.01221054653594,0.4636986518425149
2023-06-27,27606.454545454544,38.05121443878213,76.21212106230473,1.338043949801198,88.93921344122602,0.34515970233511006
2023-06-28,32392.875,37.65911171758326,83.45060211923654,1.4288702547238648,91.11571562649745,0.41574005599617636
2023-06-29,31388.0,43.20125356451709,73.30066146963723,1.3257350058513682,85.21904251934515,0.4007688731755731
2023-06-30,30452.571428571428,36.67165399107066,88.25319385856666,1.4064477693023272,100.0,0.3872467729921281
2023-07-01,28232.222222222223,37.76991069383067,78.73606266108976,1.34994530732877,94.63287473282972,0.35442571096133907
2023-07-02,21939.555555555555,41.679155751405546,64.67002086620326,1.228826769019598,81.84955626884158,0.26151854488835435
2023-07-03,33465.25,40.12888358594366,82.82124780376576,1.4163217084832547,92.61683091049173,0.4315115205339609
2023-07-04,29875.8,35.742148989637954,76.86442564987212,1.3591962509645437,87.708731256798,0.37861270273668113
2023-07-05,25471.18181818182,43.97602943037544,74.08018702170978,1.3556227956491989,88.14742418028322,0.31362279670015086
2023-07-06,27656.428571428572,40.3100233858742,80.04632708398523,1.3744175209079894,91.05855386534823,0.3459134184422454
2023-07-07,31332.5,45.06667075129869,85.48544371536578,1.4280747628704074,95.59114135878804,0.40007835733102587
2023-07-08,26157.666666666668,39.36429126043048,75.22953797546204,1.330064268808812,94.71038725498035,0.32382068593455365
2023-07-09,27117.222222222223,32.46000643500466,86.47947493457885,1.365495505881386,96.65750504301549,0.33813098021449517
2023-07-10,27844.727272727272,40.83248858756543,75.19283279829038,1.317733642922471,88.23738167974551,0.3486286656971427
2023-07-11,26115.0,34.073847567969885,71.92616872412371,1.337823218459155,87.53778122799983,0.3231898943023975
2023-07-12,25679.222222222223,36.133739965102464,74.17798988226141,1.351079465762295,87.44740068932963,0.31676768149135376
2023-07-13,33018.77777777778,44.451287960647974,86.24682974350938,1.4175209833778444,99.08565394042724,0.42494540390429775
2023-07-14,29850.125,44.66720979259898,82.23294434840159,1.3609331999284486,90.85146795668695,0.37819901646345705
2023-07-15,23813.9,41.50208155277018,65.26625762628265,1.3237149569894764,84.60719232924014,0.28914722416263844
2023-07-16,22862.636363636364,46.12491848636844,73.39932693708437,1.3135481428289564,89.76203130093711,0.27517622747822573
2023-07-17,33468.666666666664,39.91074340867687,88.83180714728495,1.4601384921200864,100.0,0.4316459953190085
2023-07-18,27728.5,40.612045660472404,75.96988611906774,1.3332382317887779,89.39585157484926,0.3469303957106388
2023-07-19,32895.75,42.692895540260196,88.56876469798034,1.4355884753861823,99.82173665379541,0.4231743786927287
2023-07-20,33554.0,32.83253933130939,87.89824459257174,1.3783071413935986,97.49958032001166,0.4329587358263141
2023-07-21,29322.166666666668,42.001895762272895,84.27642946406883,1.3754448982311367,92.8670130705877,0.3704757817093804
2023-07-22,29417.909090909092,38.363388155741184,75.95875147957949,1.3356812345344466,89.16477789680799,0.37183862483647573
2023-07-23,34246.555555555555,41.06325368254946,88.79551071568021,1.3901771790937234,98.51906140674998,0.44308562937998364
2023-07-24,31317.222222222223,40.42966901081354,87.03392869468104,1.402745606412638,99.98764409924507,0.39993353009906635
2023-07-25,31748.285714285714,33.726565363538086,86.34555665393938,1.4335432366678706,91.04642684583577,0.4063104886063732
2023-07-26,26534.18181818182,39.52581480130218,75.65071198220676,1.3170779390617688,87.58953866361092,0.32933871606542325
2023-07-27,30873.0,31.11864099537057,89.39257362086416,1.4625614821465667,95.24989064647842,0.3934881046606749
2023-07-28,29039.9,39.3586161341028,78.5203270134241,1.3593925748403235,92.10606620529349,0.36629397901457333
2023-07-29,30262.81818181818,37.683527378302216,85.6320758296309,1.4119979048468059,96.80817845522678,0.38440551746814206
2023-07-30,27389.833333333332,39.08657759919041,76.97601791855867,1.389785651441669,85.4501245749198,0.3419498606954476
2023-07-31,26159.222222222223,43.975925759580015,76.74571462257687,1.3394633060215821,91.31017011216606,0.3237935689742154
2023-08-01,30541.333333333332,36.55094608575563,85.03220570156222,1.3760528174890216,96.13051233066598,0.3885120134213094
2023-08-02,38083.77777777778,38.31696837541873,95.20892806136311,1.477032777146084,100.0,0.4996988204219568
2023-08-03,27588.214285714286,41.03280098517981,84.19366581286612,1.3395930644750826,94.81323749142871,0.3449515570659236
2023-08-04,30307.833333333332,36.60619721784773,82.28664188585203,1.3512705415984578,94.87926762036466,0.38504340930797404
2023-08-05,27580.5,37.358262443806424,84.01037866037089,1.4538839978493994,94.87144077413318,0.3448757683151421
2023-08-06,32482.4,43.09229014432606,81.07930420039573,1.4010486374475275,87.21790073197967,0.4169651445612608
2023-08-07,24203.18181818182,37.93323926318208,73.64039398457692,1.3601111161095645,85.46088268096626,0.2949932748352068
2023-08-08,31359.5,36.38593622814307,88.50248096572159,1.485710610226298,95.96602591508754,0.4005946292449976
2023-08-09,27346.875,38.72642651601094,79.99954587418209,1.4303562278126711,95.07402423439395,0.3413869825912905
2023-08-10,25832.8,37.86712174467425,81.50003634182926,1.4392173889548014,89.05396811328879,0.31908046600727014
2023-08-11,29484.88888888889,41.57222063572751,75.36627713471994,1.351243719757707,84.0675517264614,0.3727651257091817
2023-08-12,32619.555555555555,33.459118329268094,85.84895352311997,1.4145623982804298,95.67934306471012,0.41916267048834877
2023-08-13,25458.6,40.59794199814898,77.35816738321226,1.3147385003271654,92.40679048170692,0.3135183511938209
2023-08-14,29030.11111111111,33.43003016682765,77.13744833991002,1.3344932335854063,93.16931879769591,0.3662048937180733
2023-08-15,27072.1,42.38735618370701,81.82667965774017,1.370248576354033,92.5500027438218,0.33730542914171247
2023-08-16,20294.125,40.08518960242198,62.398094198783056,1.2856883251937146,84.66139950603198,0.23729046077028654
2023-08-17,26827.444444444445,45.36432749802914,72.00826955059648,1.3440203993715032,88.5897030600718,0.33357081580191367
2023-08-18,27224.14285714286,36.84330481873347,80.4490436408091,1.423988555070639,93.40284507610421,0.3395956293561078
2023-08-19,25105.5,45.738877824523385,80.3527175902677,1.3835419381834257,93.43092963553582,0.3082927713066693
2023-08-20,30600.555555555555,37.22929437845867,80.33798641674443,1.363087262705297,91.58197729595463,0.3893185306471468
2023-08-21,24297.81818181818,34.79082112108791,74.85248407637485,1.30978317444285,86.03644763235114,0.2964327804450591
2023-08-22,30946.8,38.939863159301126,84.34144475176163,1.3960492267933096,95.61561341064926,0.39445165577903946
2023-08-23,31474.363636363636,41.33243337540723,84.88549043755118,1.3829452177746453,95.60031794722518,0.40220215072515625
2023-08-24,29560.666666666668,40.426405313239066,81.7533601347633,1.37830769351094,94.51805062506537,0.37399127556738243
2023-08-25,27993.125,48.66379800402582,82.74940263470577,1.3486346342138162,98.84092717524283,0.35084058416353625
2023-08-26,35116.8,47.24748620992453,79.68280781122232,1.3746321912728625,89.60855786950049,0.4557253139738188
2023-08-27,35718.6,39.67208104352367,95.46867587462121,1.4501029192555637,100.0,0.4648466854418035
2023-08-28,36830.818181818184,40.93967859503903,88.74256493381142,1.3847138561283845,98.51283632840972,0.48115358614291853
2023-08-29,30705.333333333332,36.603444923222554,80.69341081044853,1.4019681724762094,90.76378534593624,0.3908682432161097
2023-08-30,31353.2,35.08508843653232,83.94884233450796,1.4150171538371568,93.52555067348412,0.40046661672430783
2023-08-31,28606.85714285714,34.84083513659351,87.61226488085337,1.4329727419970186,92.47683802682404,0.3600410312965332
2023-09-01,26606.714285714286,42.354822440733265,76.8280355127263,1.3328698531556833,86.42488046372247,0.3303824551264435
2023-09-02,24160.0,33.505039558490076,75.50546907697023,1.3361183982163234,86.66932859418696,0.2944244667115536
2023-09-03,29858.0,38.23941405541055,79.1221482878053,1.371282330114055,90.63358688821,0.37835559133993774
2023-09-04,32579.333333333332,38.856753328857884,82.64314671484243,1.4065605320760153,93.97421554003955,0.41847919547401263
2023-09-05,29471.8,37.715094449326266,85.93532401474064,1.394009709324537,97.89430065294354,0.3727602407516005
2023-09-06,24400.75,46.608630609479576,75.9738036182766,1.3298913108193944,92.11704548701273,0.29785977554825416
2023-09-07,26279.166666666668,38.35571296662427,85.76961906565913,1.300998437525051,97.08764740829804,0.32571964056519903
2023-09-08,28177.333333333332,33.16658266888512,78.11159630895777,1.371744690813282,89.16988609957939,0.3536374554198464
2023-09-09,30396.666666666668,48.18985347101287,76.57549500752609,1.3693426959499846,92.35561284359491,0.3861714597677452
2023-09-10,27171.909090909092,37.547298584257646,80.61291735471274,1.3973057144645704,91.52307772421582,0.3388121550579032
2023-09-11,27903.0,36.717951447590515,79.38708132907713,1.3906083527151172,87.47048029380194,0.3495627201337774
2023-09-12,30106.666666666668,39.35832488601222,84.70395564746089,1.372584096209439,94.14417380895996,0.3820685356234353
2023-09-13,23297.2,43.50031212753287,66.40370834150325,1.3383331198723072,79.76292568151547,0.2815042637569591
2023-09-14,31539.4,35.49209722157243,84.21908281032849,1.3363127973397617,97.82932693685406,0.40322518635852844
2023-09-15,23740.375,42.808330134545756,71.1592262374466,1.309899447640324,88.21440284129568,0.288115156223351
2023-09-16,35164.454545454544,41.22497274567375,82.52995746471092,1.4293554393537038,89.7571235201749,0.4565154712819798
2023-09-17,28118.272727272728,38.59268627353795,75.2056549349443,1.3933337101131427,87.80059327708408,0.35268024648691676
2023-09-18,30739.625,38.82558066546785,85.21112387568793,1.44838195044675,94.3242531308242,0.391403199010367
2023-09-19,21677.14285714286,40.33734212418394,59.13921409275831,1.307384778873764,70.01070208530795,0.25757117615042474
2023-09-20,28695.6,36.123539057794105,78.9748905551095,1.394510967466785,90.10459635355615,0.3612519007024422
2023-09-21,30016.8,38.45697578472034,81.37891954058104,1.3900245161543527,88.64651036706731,0.38070319735321423
2023-09-22,33776.0,33.06760144691369,92.67760966360383,1.393688241625432,100.0,0.43627722310459666
2023-09-23,26851.090909090908,41.028475192628804,76.1176518409539,1.3462589955347872,88.4985612366784,0.333998973519015
2023-09-24,26746.166666666668,41.85674769500904,76.01633129074683,1.3279138900672718,95.11555300129494,0.33247160422932515
2023-09-25,31207.11111111111,33.25316421784106,91.00175550010921,1.4387343084780113,96.64360922257238,0.3984065375058781
2023-09-26,32168.333333333332,36.32260921682277,80.9214298989222,1.3742047372324704,91.73370293403383,0.41242761774919806
2023-09-27,33080.916666666664,36.24241671901722,85.6238358207459,1.458589354525252,91.81226577786099,0.4259114216623486
2023-09-28,31211.444444444445,41.025476228987664,87.83808660922772,1.3543368483276668,97.4485605928232,0.3983649940789616
2023-09-29,26907.11111111111,35.61007004516846,79.55734835026978,1.3525861391070115,91.14764573079121,0.33492131169465406
2023-09-30,31324.428571428572,41.261250280717185,81.91298704881667,1.3726510197455213,90.40662618767786,0.39994737779936995
2023-10-01,31011.11111111111,42.39913578139865,80.83224309355488,1.3573951194919671,97.26717407963582,0.39533983500334596
2023-10-02,23825.625,35.83129734298016,74.39619588654645,1.407338866645296,89.23647620946767,0.2894762890910815
2023-10-03,26884.333333333332,44.476517124775334,78.50985734290627,1.3411197061923816,90.4075846236097,0.33448051644958415
2023-10-04,29071.7,39.64634099588357,77.17315854437643,1.3538356038547614,91.12417121331853,0.3667438820467891
2023-10-05,28223.272727272728,38.43207983224917,85.25684061010114,1.3447919696292248,97.97526767993874,0.35435584749904003
2023-10-06,26696.714285714286,40.021374463662184,81.60113653828282,1.3574716477281499,93.20782030153477,0.33180156812777584
2023-10-07,30723.333333333332,41.66991260336403,89.59075751045854,1.449850632029739,98.1863681425744,0.39118641501137114
2023-10-08,30551.2,38.59120337345904,85.30051813168566,1.3900797422379345,95.86422863730681,0.3886370829470697
2023-10-09,27690.18181818182,35.41174951674696,84.48966819746607,1.4420930091204252,94.70226012424978,0.34651517567920426
2023-10-10,28376.6,40.24546089279741,77.82786606698167,1.3343628521758775,92.42190744312525,0.35650938699622947
2023-10-11,38499.75,40.68216886486141,84.98523436950342,1.3700781359309402,97.85707305967988,0.5057058348380404
2023-10-12,27232.0,35.38777103015984,80.6628357487193,1.3608387958406492,89.3999946897841,0.33971136975952904
2023-10-13,24494.0,41.370467047180405,74.04056528480174,1.3024208039616143,91.2171067028635,0.2992683212299436
2023-10-14,30478.444444444445,38.84917730449055,79.36531643503139,1.3720042846291955,94.31749022230471,0.3875061076797179
2023-10-15,21995.75,44.624367089600064,71.54759657568842,1.3231303857828085,86.79030665078368,0.2623944033009408
2023-10-16,29813.727272727272,37.80145871837312,82.38994528706326,1.4254950807098323,93.60797480573079,0.3777482982178371
2023-10-17,25652.4,39.174708683133304,73.03196861662778,1.3043375760534819,88.40416321465953,0.3163347675343713
2023-10-18,20999.714285714286,38.987867995544875,68.04127881439614,1.3234654073778762,84.15558085563455,0.24774113039590215
2023-10-19,32042.125,35.10408916872253,88.84350556161044,1.4400540428663933,95.92965006068212,0.4106659623267567
2023-10-20,32003.81818181818,38.546634125334634,79.78175561434821,1.3449644964266607,91.21885584422559,0.4099689648244702
2023-10-21,31270.81818181818,40.83100529232377,81.5017064022481,1.353676814679586,91.10261255825057,0.39916159112181754
2023-10-22,28940.428571428572,40.24781758331573,76.25052367701778,1.3727623680470333,90.03460666340254,0.3647916043227105
2023-10-23,29234.5,38.236153951236574,83.0453656742374,1.3434223394542777,93.82776049828037,0.3692175874317927
2023-10-24,30296.25,41.36162624270674,80.02513259155866,1.3346707998305976,90.63899746678229,0.38478579559696124
2023-10-25,34382.9,37.33704550554231,89.58237277234493,1.4325279617410587,98.12280144842723,0.445138373682631
2023-10-26,28456.416666666668,35.29899929482733,76.63338198532196,1.3773603014267597,93.1883542823828,0.3577305136881668
2023-10-27,25190.75,52.44403007807071,73.88744350756542,1.3595825317884407,89.28690883018014,0.3094060238080819
2023-10-28,33496.0,28.39876817288916,93.75627638521195,1.462049041884894,100.0,0.43221121004312496
2023-10-29,28963.5,43.25586110712978,83.8984396669126,1.3458059042425177,95.60091266859385,0.3651874939142445
2023-10-30,30300.714285714286,42.16548813341281,86.63974074287447,1.408148702769205,100.0,0.3849384823988671
2023-10-31,26307.875,42.36399142280953,75.14081979343011,1.301559122897375,91.01993844887315,0.32598535007214086
2023-11-01,32279.428571428572,39.67080409512452,90.21413559590924,1.4370171192164203,93.29533504373019,0.41411392009044035
2023-11-02,28498.777777777777,40.07378801152548,79.90408248374005,1.408738455449028,88.5044127064809,0.358312219278598
2023-11-03,34716.875,41.19574374091969,90.37584271042866,1.4136079532976447,96.99122201396307,0.45001918666648444
2023-11-04,23378.5,42.10329086716233,74.74771337584652,1.341233487978643,91.59350625983464,0.2828365798497069
2023-11-05,30454.916666666668,39.86673915228936,85.19948281872705,1.370216919478911,93.9800798423359,0.38719650895136626
2023-11-06,30409.555555555555,38.77520731223776,86.9212230784877,1.421288129563876,92.53953593860082,0.3865484523049373
2023-11-07,32796.11111111111,39.4761301664562,89.7267468304289,1.4232679117834022,100.0,0.42175095210378255
2023-11-08,32237.875,36.95742669398511,80.1885141725818,1.4119513332892923,92.25388860446277,0.41344149199999936
2023-11-09,25063.909090909092,40.01465232998937,76.19753920577995,1.3381950448669266,90.99766761545645,0.3076949429905461
2023-11-10,29544.88888888889,37.4511226173127,85.1631688689274,1.3903217469953448,96.19774592825159,0.3738259894710363
2023-11-11,34152.0,36.6682837283705,93.89087583874637,1.4200919844622155,100.0,0.4417882815430634
2023-11-12,26884.571428571428,40.86200642862,79.16543216174068,1.3503269316634836,97.0155256304229,0.33455542211119554
2023-11-13,33180.42857142857,41.033091004782115,86.20579083370009,1.3595123627084287,95.60578013637102,0.42734731030525397
2023-11-14,26310.272727272728,34.06523299136482,84.32180426772806,1.3691117408024291,95.99839067625554,0.32620650311274885
2023-11-15,31707.11111111111,39.71608875974477,90.3772611905538,1.4116678156533577,97.1250115417692,0.40570037845283125
2023-11-16,29093.85714285714,39.670422322250815,83.66581017666572,1.350097650604144,96.11249633061941,0.36714564112111475
2023-11-17,30479.428571428572,33.80459448680849,84.46733927077337,1.3907771879923725,93.18445627287186,0.38761193777283914
2023-11-18,22274.444444444445,39.07784048951924,70.91989749085832,1.3187846753403067,87.26393309704335,0.2665547266557509
2023-11-19,24177.8,46.83783068106801,77.66457232522629,1.2646674428657576,94.16693758646588,0.29459581203333024
2023-11-20,26700.272727272728,45.69107614783069,75.77411694499035,1.377534987302156,90.10876758725966,0.3317323238560357
2023-11-21,27474.363636363636,43.39890432720094,77.98046709342026,1.3910462286041925,90.79680993448086,0.34318061315819554
2023-11-22,34884.6,38.705180020276636,81.68332921996605,1.3711321508065892,88.92542205948789,0.4524087502636607
2023-11-23,28885.555555555555,42.315893455857015,84.69830003849093,1.3937686092049812,92.81258568931656,0.36404443265637965
2023-11-24,30048.1,33.10198830180411,87.18843150256205,1.4009131766189376,99.01517117492568,0.38131318646874107
2023-11-25,30610.7,39.08165746092178,84.61828910571907,1.371953194686475,94.76404385250365,0.38949793053240966
2023-11-26,26543.81818181818,43.02729964467573,76.11190577876964,1.3451088423896305,87.42404104581128,0.3294471252169245
2023-11-27,29818.7,38.544625586301926,79.8463081633088,1.413060804464965,90.41525858600494,0.37777882882387465
2023-11-28,28790.454545454544,43.180964837455264,83.23000522406875,1.3298483777389511,95.27389279923618,0.3626321879945875
2023-11-29,26807.76923076923,40.807281151893214,75.65520277106774,1.311909462602716,88.85153182151225,0.3333606047665629
2023-11-30,28578.8,33.83249090891751,79.96546513870587,1.4127592282403085,89.27528499177917,0.35956042340648126
2023-12-01,37058.0,35.1628585114688,86.3903253205359,1.4672055654392213,91.40998305438491,0.48451149483351735
2023-12-02,22163.88888888889,34.77188290104821,69.55088558254958,1.296693208643986,85.53908753461891,0.26495263234429994
2023-12-03,26995.444444444445,42.45853802509784,79.42135022444225,1.430696104915467,93.11599080559351,0.33615790524437983
2023-12-04,26448.0,43.11943952907316,73.36167360434193,1.3475699084707702,88.1947322850383,0.32801482249479397
2023-12-05,38977.0,33.09626405646287,93.93691334257902,1.3990186189760154,100.0,0.5129002118965108
2023-12-06,32574.444444444445,39.57649967326099,82.23876200852453,1.4436691790091905,89.96714873958969,0.4183794952426934
2023-12-07,20769.0,41.46502086779889,64.44692463056909,1.28016750808148,80.46804055618789,0.2442706023010459
2023-12-08,32203.875,37.46620140616389,76.56544040759536,1.3755029879114378,86.43306501737513,0.41288015808740514
2023-12-09,30962.363636363636,36.35564235167673,80.87831578108953,1.3950978875161595,90.27088296570425,0.39465645568286156
2023-12-10,29914.6,40.04987117116549,90.79120967202749,1.4001005418177468,98.22544860113578,0.3793005769807588
2023-12-11,28600.0,43.662078691514324,76.4744060716568,1.3210594322137876,87.10393247031986,0.3597303734394397
2023-12-12,23785.625,45.82281527829503,71.10809376762157,1.3469297132133071,84.1769859321365,0.2887327213524097
2023-12-13,33516.375,41.88348705435506,91.16557414408841,1.4281804094904884,100.0,0.43234750988491255
2023-12-14,23708.625,43.11720923909721,69.22903933731622,1.3046379687518252,85.7151331953271,0.287617429126812
2023-12-15,29924.75,41.742793658426535,76.45805623521753,1.3265894559530715,89.22638823465222,0.3792734470664075
2023-12-16,25840.6,37.05113047036336,78.65270102697806,1.3845917410920312,92.15486044574315,0.31919280224556684
2023-12-17,30563.0,40.18375228804606,81.08422333675246,1.3353131280769968,88.81324293059225,0.38872874915431743
2023-12-18,30922.6,40.983729540944594,80.83684476110324,1.4339473671686425,91.45528314134896,0.39402682636991215
2023-12-19,28200.3,36.17001908451848,80.77946744287135,1.343631643716106,91.41511017108792,0.35397594926295856
2023-12-20,24368.1,35.419255947868656,72.18205525808486,1.2523609683473889,86.37339549959009,0.29744014409902475
2023-12-21,29141.0,44.57942308557564,80.64539820945383,1.3707910878828853,93.13997039492745,0.36775057477090795
2023-12-22,29376.571428571428,39.68765015042901,86.31561792983426,1.4344159465498407,97.70528898407906,0.37133930941948773
2023-12-23,28151.0,32.1315229913898,85.60831021138834,1.3761414347863257,94.41879928788313,0.353345658187213
2023-12-24,31597.909090909092,37.69479989004379,89.46945169944664,1.388654836170675,97.22695011951588,0.40410575020717715
2023-12-25,21947.75,39.87038237056485,71.50668066500552,1.323572272684111,83.07423893958283,0.2617213831156853
2023-12-26,23166.333333333332,41.70480974911749,66.29205543499359,1.2607114628459157,80.1015893465987,0.2795955995424762
2023-12-27,27215.0,43.87168075477253,80.23141478332003,1.3559431245523774,89.66314000466144,0.33936914378286603
2023-12-28,30470.714285714286,44.25761836759116,83.10757232231039,1.3600908777162768,95.67357956142405,0.38737249069826507
2023-12-29,29594.875,40.40677404826303,83.48341811576466,1.4199029085819366,94.00597376206355,0.37450796602566194
2023-12-30,25170.1,38.11390120739669,75.9697524855511,1.3445780716442564,87.84291104396476,0.30926400592002007
2023-12-31,29443.18181818182,39.317332908368286,86.07088911322695,1.4070203832617698,96.66112698897159,0.37231783183281253
2024-01-01,25753.25,39.51786622018035,76.65145039804985,1.3703580107587519,87.94306073220436,0.31784551870576416
2024-01-02,29826.5,43.7429373400243,77.01539199785358,1.3821892550665886,91.1760417678897,0.37781827381529404
2024-01-03,28030.923076923078,37.84617746006125,80.73812224201491,1.3909771182482618,92.31091603407987,0.3514669494511542
2024-01-04,31574.0,41.00973713737891,85.82708654548257,1.3879084609784422,96.30802336975586,0.4036841519403451
2024-01-05,34378.25,40.03127030918449,81.59765467815255,1.3799007105508245,95.53288999583667,0.4449631978319414
2024-01-06,30970.0,38.19778272455877,83.82653982421813,1.4018807860714242,93.48926620587787,0.3947879496620452
2024-01-07,24948.8,39.128187072824474,77.62555452220707,1.4014959808366156,92.17159086002911,0.30602589749881315
2024-01-08,26587.53846153846,35.261489128656486,76.65717387485164,1.3212879881875041,86.94440504801808,0.33017532154303253
2024-01-09,33654.454545454544,40.73790035255775,87.79691992093176,1.3923910830745283,97.74157542937232,0.4343555157840665
2024-01-10,23385.375,41.534943132722994,72.96876931191001,1.3020069545052624,84.37003781546615,0.28289829079388795
2024-01-11,30213.555555555555,34.91113996998235,82.28069342310667,1.3951372952856096,92.06643248495858,0.38366079362129246
2024-01-12,26215.3,33.920729538342975,74.65271695804826,1.345595772518688,87.25520915685927,0.32469075551993953
2024-01-13,33529.166666666664,36.92694337940979,88.23450987835508,1.4265268283184769,97.79304024361993,0.43255411998774934
2024-01-14,24978.555555555555,43.461582270701705,72.28616346964981,1.3432461705056076,86.71414190029185,0.3063504559043474
2024-01-15,30881.0,39.70612581070729,85.37211416827016,1.3847039898294748,97.51635524707474,0.3934909622526458
2024-01-16,25999.666666666668,33.70279747115725,78.85465612333185,1.405015427134039,89.20833681462413,0.32156052856835404
2024-01-17,34453.1,30.314131579032654,88.24284386425305,1.4007585635743425,92.53381662316201,0.4462114075606304
2024-01-18,30148.363636363636,36.135518633557986,82.58863916537558,1.3970310453357504,94.09628269745521,0.38269875286685695
2024-01-19,22339.81818181818,40.92853187916384,64.90230160451799,1.321577762204263,81.0229612340015,0.26742132702560734
2024-01-20,25857.5,38.93127148457128,68.54543323558282,1.2942897565116616,82.2571370365666,0.3192948504223117
2024-01-21,29382.6,42.08473585436211,80.58709529882404,1.3400094451112956,94.32595226362733,0.37134005223958744
2024-01-22,32130.272727272728,37.111750628629494,80.61966034063165,1.3646514957322646,91.2897152178456,0.41185421882570866
2024-01-23,23558.0,37.538926878636595,73.94818291157831,1.340963406767024,88.10890145793489,0.2855073099289471
2024-01-24,29731.714285714286,39.02858954985781,90.34945646681346,1.4364927986016285,98.52221023027369,0.3766150316217324
2024-01-25,25483.2,40.47734275280472,81.20561587688604,1.440705032910572,94.80151692327364,0.3139249813959833
2024-01-26,25810.166666666668,39.07458924956813,79.33681269364153,1.3942359276851122,92.2897101228562,0.3187295842297523
2024-01-27,31130.6,38.610431087526635,86.13661349569952,1.3651972671176067,94.83632076394876,0.3971742653842425
2024-01-28,29303.9,38.70501066622652,84.82259845810027,1.400473888433765,95.4024190022724,0.3702567690661692
2024-01-29,31420.2,35.953184185712196,88.72677971948775,1.369520167028662,99.47386334123017,0.40150947849920693
2024-01-30,35801.666666666664,39.135866955050005,90.87904621892281,1.4494192647848665,95.01509429332924,0.46601631498859547
2024-01-31,25383.222222222223,38.936978910526406,68.10810662940254,1.346567897619592,84.76782460973753,0.31231560754801685
2024-02-01,32072.0,34.79398799240514,85.86380153561161,1.4360028949306232,91.74927098287694,0.4110666028504503
2024-02-02,27352.125,34.2422619397651,86.92738919478393,1.4228919783340992,96.93239911423046,0.3415776020668506
2024-02-03,25784.833333333332,42.60701847573021,73.21108778269182,1.3650864841663564,86.67415446971789,0.3182439284969513
2024-02-04,32445.11111111111,37.76465495558828,84.28212216092685,1.416674080182264,88.51586556636585,0.4165044088214614
2024-02-05,27882.363636363636,39.57540554782377,77.9360137824467,1.3673393970721872,93.09802535468724,0.3492400459895648
2024-02-06,29884.75,42.873568008958955,89.57426216727661,1.4019861853233149,96.0433263313094,0.3788117458885385
2024-02-07,31809.555555555555,36.53632391020263,80.44835884392847,1.3607336414415285,93.79291660399475,0.40714506662273553
2024-02-08,29924.285714285714,43.848383938799834,83.88722428195088,1.345732845125536,93.6658754804073,0.3793257524774342
2024-02-09,31453.222222222223,40.859538530441895,88.75016088406858,1.4484537889908031,93.158664635176,0.4019182353508773
2024-02-10,32924.444444444445,35.11632918302224,91.30713766377035,1.4569385937418824,96.81546917107583,0.42368726417317637
2024-02-11,32940.9,33.005217194051326,96.18765344791942,1.4810874262349814,100.0,0.4240064584506986
2024-02-12,33809.11111111111,45.15121171357717,84.52972951210319,1.4004271363173117,91.83294799271897,0.43653489431496195
2024-02-13,25646.2,39.1595592439921,75.53519128708129,1.3583087202034358,87.69823290911494,0.3162619252516766
2024-02-14,29191.222222222223,35.08901997314845,88.92654913989193,1.4662730102809935,97.95341167700629,0.36868058741187393
2024-02-15,25387.555555555555,39.39508961549525,80.58130101548551,1.3901566514290742,95.19204688293439,0.31252366602127096
2024-02-16,26855.7,38.30356203642722,80.6570203027218,1.310295069309385,86.66720721346837,0.33412588838942886
2024-02-17,32147.18181818182,41.08908605725146,87.89424297311233,1.40171483989887,93.38177850401195,0.4121316412843779
2024-02-18,29040.8,40.33716364451767,82.24493897621558,1.411144861705293,94.686186261926,0.3663393684586991
2024-02-19,37050.77777777778,39.861682451250665,89.61695282451389,1.3981500063253072,98.6218363299396,0.4844128906245592
2024-02-20,32250.545454545456,34.20552544389035,79.11347980647965,1.4119301067668397,84.95594498700069,0.41361732345141333
2024-02-21,37352.22222222222,35.450924539216004,87.99568494948312,1.417323849389525,98.78681680644276,0.48888681651753835
2024-02-22,28823.272727272728,41.11040158042193,74.75564245124365,1.3267655561640312,89.28107325366916,0.36304083132740905
2024-02-23,30705.5,39.06910883235191,87.46545603824498,1.4490897706480346,95.47884443110674,0.3909218005138284
2024-02-24,28693.0,34.71037273144282,81.69095764591371,1.3862208107701044,95.28432672872634,0.3612730976674461
2024-02-25,33719.0,38.4247051937155,92.2124502360368,1.4604777540980298,96.40193091615905,0.4353624486251385
2024-02-26,28479.1,40.878186707573946,78.21008095439353,1.3357660122061727,91.0523223559237,0.35801005184227314
2024-02-27,25242.5,31.926877793167325,80.4351416299957,1.317104684456958,93.37662319698897,0.3104563436228139
2024-02-28,31107.222222222223,34.944358652278,88.88982389249003,1.4012835230968759,100.0,0.3969135341913126
2024-02-29,37521.57142857143,35.40785855917519,87.53549392485503,1.4304206931318713,95.32207411712864,0.49136344609777005
2024-03-01,30538.53846153846,43.097344640194066,82.56217851810733,1.4125251002702233,91.03249545409676,0.38835987120289156
2024-03-02,26892.46153846154,38.38863532384553,77.50050995025941,1.3693301090797003,87.99434767204805,0.3346457689289459
2024-03-03,25753.833333333332,42.19424337204144,79.80934465915463,1.2877194192123043,92.98269998311855,0.3178733949383345
2024-03-04,30397.6,37.88249295184966,77.88219229225169,1.405187476561499,85.67752169149495,0.3862767028767655
2024-03-05,34213.125,34.459215213598966,91.43262654432385,1.48740141126686,95.38591841585753,0.4426720908548715
2024-03-06,32384.6,40.13723593408356,86.22488207016161,1.400721782815722,94.40058376660848,0.41562914668179085
2024-03-07,23266.125,40.48561078741449,67.38666044228286,1.354462158248052,83.21768695246404,0.2811011189121988
2024-03-08,30073.9,39.30935534369115,86.52917035062748,1.3493326906301024,99.92011098104615,0.38162596033981744
2024-03-09,30657.88888888889,37.91795147175141,90.7215188656606,1.3945812621724238,100.0,0.3902787893512014
2024-03-10,25978.090909090908,39.020759589908536,70.68813669223806,1.373798301143537,84.27185069227117,0.32109710768372296
2024-03-11,32403.222222222223,41.53484002512536,85.93501472565157,1.4378518015375532,94.49128832720744,0.4158868518883151
2024-03-12,29522.9,45.99092994584284,79.64027218796097,1.3709022119377618,85.29260424461503,0.3733197655533001
2024-03-13,30374.727272727272,38.61064479584178,80.21399804043492,1.3879707776143277,90.83226479892431,0.38597336752245803
2024-03-14,39033.0,35.066435124410795,95.37537635207893,1.5,100.0,0.51371691627702
2024-03-15,32437.30769230769,41.33341440824719,88.89325851343266,1.357003742053251,98.76640080144506,0.4164336158003466
2024-03-16,32535.5,35.67252483779827,91.94087656260398,1.4635444343782877,100.0,0.417970880334232
2024-03-17,19792.75,45.91995347751586,68.05982122226655,1.2663520468894631,88.33877967600338,0.22990668089918276
2024-03-18,31245.0,42.8679057311214,80.90408178864897,1.3943542969847003,91.76984138957182,0.39875779696965946
2024-03-19,27945.777777777777,37.48739752826506,82.01661748687395,1.3329349314785373,95.90066803467727,0.35024212782023656
2024-03-20,30686.777777777777,38.93214433682605,80.4586518634847,1.3905025489958196,93.30631300568066,0.39057908747976544
2024-03-21,38434.25,32.31957795834462,97.7040438718557,1.5,100.0,0.5049456084939771
2024-03-22,34290.71428571428,34.46489501836686,92.35704335646179,1.5,100.0,0.44384220353433
2024-03-23,25288.6,36.377649576973496,73.28549502755452,1.312827245231947,87.36801668374822,0.31100309672717724
2024-03-24,30235.166666666668,35.83376540566713,83.2555933059507,1.4293095342858322,93.03484875193978,0.3839818514084758
2024-03-25,26770.090909090908,36.93891445136631,74.36358124575679,1.3588413501505658,86.91736699711446,0.33282747602907564
2024-03-26,27589.454545454544,36.779542100885294,73.60271678386597,1.3757344465264714,84.0585400705104,0.3448803193098031
2024-03-27,27484.25,40.791860063351265,65.45986676476723,1.3137162474932063,78.07324011630598,0.3431944082907352
2024-03-28,30011.4,38.14479064542669,86.80558787710352,1.4159986516050156,94.79004535298617,0.38069858173254884
2024-03-29,25271.5,25.958263037112857,79.89891126563361,1.298630958999752,88.89616356735606,0.3109228761677001
2024-03-30,33093.375,39.90330845657683,83.96969911058477,1.3914484742943114,96.33152648471723,0.4260612328502274
2024-03-31,24173.0,41.93143840039317,75.36486601729735,1.4003707935718595,90.97893663413909,0.29454452622297067
2024-04-01,29326.363636363636,36.615914305676235,84.88249937545123,1.4060492284072639,96.99124757028757,0.3706168621738684
2024-04-02,25377.23076923077,36.53498033337404,71.42292464757568,1.3164358447571478,85.86388369320653,0.3122850124548533
2024-04-03,26736.428571428572,40.25035079994601,84.5807963842901,1.3855703336787997,92.87272275434744,0.33240795393276407
2024-04-04,22201.909090909092,44.186020201017975,69.93980343575073,1.251752047897957,88.66828856775669,0.26542988572420545
2024-04-05,32405.166666666668,37.6970235220786,93.93388524226191,1.479675983276777,98.649732537172,0.41604088152877394
2024-04-06,30976.375,38.10225337182553,87.96383991136202,1.4551374489217186,97.41166359403344,0.3949344182921802
2024-04-07,32212.625,39.98215793987747,85.57418306459037,1.3735092382118617,97.0183953612246,0.4131029483678803
2024-04-08,28641.923076923078,36.08113355157919,76.29940098930388,1.3771005587738991,86.29245609239021,0.3604230279101267
2024-04-09,29127.0,42.342379805277325,81.60298800081209,1.316553011235347,97.38037771756925,0.36759356565277723
2024-04-10,26289.333333333332,41.61090606749534,75.50383511412646,1.3735143167712822,82.44698684963483,0.32568742582109905
2024-04-11,35077.3,40.413628144839095,90.18037408637124,1.444659146381758,97.59321852176663,0.4553376293598917
2024-04-12,34942.0,35.08242081086319,93.98184403710378,1.4473875757202925,100.0,0.45344284245830135
2024-04-13,26983.625,44.06994188177914,76.0459106449236,1.2919708900675857,91.19924862531488,0.33592978264823836
2024-04-14,27743.444444444445,42.21893253956792,74.97459335348042,1.4126530999570788,85.71880958610996,0.34711010678550336
2024-04-15,34231.28571428572,40.503267909569345,84.7972636009581,1.383950670878884,92.60725694682388,0.4428080291732582
2024-04-16,27102.0,40.97863096157911,77.31266174318846,1.3576340716709552,92.39867846131158,0.3377220033990868
2024-04-17,36388.71428571428,42.85870798602504,81.21317903556746,1.3255041552050943,92.54247495030354,0.47453228553844023
2024-04-18,34385.1,43.21142575587372,87.45671513962665,1.3913620482045357,95.2844599802961,0.4450789607311104
2024-04-19,32172.1,31.235944637786247,92.5041343971646,1.4438871991222237,99.47443761346919,0.4126669897590481
2024-04-20,23671.285714285714,37.42964771953969,67.06695980301434,1.3071776326875675,80.64114155136839,0.28708770722089705
2024-04-21,40836.0,38.95827508983377,93.21222879780072,1.4702687222505701,98.75983815446624,0.540211276782176
2024-04-22,32074.75,41.44525275525228,89.45330696066368,1.3921862382756716,100.0,0.41110188319258667
2024-04-23,30283.444444444445,37.43735823743551,82.2963247798144,1.4037729280323241,93.8419855703538,0.38467134354862265
2024-04-24,27926.2,44.81777875496741,78.7221551174143,1.3782282707956823,85.74490911176022,0.349806329470514
2024-04-25,30745.571428571428,41.300311476087565,88.28596206677524,1.4120679306109296,100.0,0.39151437032014363
2024-04-26,29971.88888888889,40.346431403955016,80.0630167279584,1.361513842264792,88.15119171028036,0.38000847862607046
2024-04-27,26444.11111111111,42.139910076137895,80.73120491590586,1.347511481226343,97.2617424022357,0.32806803586834055
2024-04-28,35269.666666666664,36.82878420584429,89.79250791826439,1.3832310111847441,97.34381777511798,0.45820440768447335
2024-04-29,26072.333333333332,35.15935439075996,75.47892835377414,1.331292549276214,89.58972656481997,0.32258849036635456
2024-04-30,32384.363636363636,35.002691791983146,83.83833357236055,1.3776488001105622,95.2329579989955,0.41566300672383566
2024-05-01,32249.666666666668,40.94052381809,81.91147789515654,1.326893689935383,94.52326921083758,0.41359697462207734
2024-05-02,32597.6,40.84137518161255,90.35305396581161,1.4332381143127666,100.0,0.4188177585905281
2024-05-03,26263.0,39.008139017476395,75.4993682626976,1.3619638305781554,85.82901535448424,0.3253410591866655
2024-05-04,29343.916666666668,37.919057484259355,85.65007186263456,1.3718409269139384,98.38007048283549,0.3708738756431855
2024-05-05,27496.285714285714,43.7356102709475,79.23136792351458,1.430056727593447,83.88077969110937,0.343481576933557
2024-05-06,31956.777777777777,35.89075087211276,93.47569973101878,1.427377184464434,99.233349094424,0.4094533306067436
2024-05-07,21789.0,43.44969205797273,66.67585773215939,1.3238391720711828,78.10910791861878,0.2592837177912914
2024-05-08,29413.64285714286,42.88181131918252,84.4020871069891,1.3504633098581993,94.66713856611135,0.37182253059091197
2024-05-09,29519.428571428572,35.4991598099292,88.76839840880281,1.3629410581018087,99.3526514444361,0.37351499670918425
2024-05-10,29970.14285714286,42.60952804980572,76.67203243042782,1.3793508980884877,97.26436167877455,0.3799688336619339
2024-05-11,25759.636363636364,42.202264273722236,72.30801176286006,1.3159448539937129,87.99171901702427,0.3178747633162242
2024-05-12,30163.714285714286,40.585329995598464,70.20883082761733,1.3909610987262992,85.22722245022976,0.3827364962794343
2024-05-13,34823.857142857145,35.54728329246472,93.3129848920803,1.4578662778379916,99.69459496507281,0.45169079173526355
2024-05-14,28070.583333333332,44.19783435325589,82.66949075662603,1.3231881577077411,95.75887364600743,0.3520148126679639
2024-05-15,28937.333333333332,45.395625330988516,72.23166590047364,1.3882822634738665,87.01967019134192,0.3646453949167253
2024-05-16,28120.125,39.901427143870826,82.79482633278712,1.32067313839885,94.55308119070934,0.3527857549797806
2024-05-17,38144.6,38.658081224233214,91.67946380963474,1.4144387515236647,97.13172247995337,0.5005491214822596
2024-05-18,30444.555555555555,37.9961181918955,80.17507039113929,1.4131690649659248,90.8270636331224,0.3870081865019351
2024-05-19,28405.875,42.655182614842076,74.38275443302962,1.3491392522335046,85.98479652084188,0.35685923603038683
2024-05-20,23992.0,43.526060725023214,69.97007662008217,1.39882154295619,80.60926153185396,0.2917724916474756
2024-05-21,27090.777777777777,41.59712420748253,72.92990726308331,1.3391520203596299,80.62187986518867,0.33746365454657595
2024-05-22,29236.9,39.00427957778165,72.78025366263253,1.3249214199909107,87.42608710664194,0.3691314327971649
2024-05-23,26857.5,44.594806298192765,70.8180818790471,1.349615963398964,84.91248177116977,0.3339961710782376
2024-05-24,24730.4,42.59367884435618,82.35293346331295,1.3856720068758737,93.27286690587636,0.30281668162348757
2024-05-25,36597.454545454544,39.19375637553831,90.63699742166676,1.453247803439641,96.42038888291977,0.477741850999158
2024-05-26,28216.0,43.089616991291784,75.60574152933886,1.358191620345745,85.04161674092855,0.35406409842182046
2024-05-27,28762.88888888889,35.7333841581871,81.72674505440139,1.385904826974171,96.31998021789522,0.36229648186537283
2024-05-28,23329.444444444445,42.42354152094005,70.51384952068977,1.3183340253485274,87.12907386391002,0.28205607998556376
2024-05-29,30332.85714285714,36.634352881527775,83.11671970273781,1.3864206515098456,94.87811846180273,0.38541885326037256
2024-05-30,31119.555555555555,37.434791671380125,87.09051528791613,1.4171063786947582,98.7063932738759,0.3970484820094596
2024-05-31,27036.0,44.58050022053517,78.83273719417303,1.361035694112467,89.17689782743594,0.3367111509335442
2024-06-01,32839.11111111111,37.401112472995436,87.89466570952716,1.3795408038237051,97.69189873149696,0.42238087146191333
2024-06-02,31652.555555555555,36.55735809990855,81.90397032320473,1.3962963586007615,90.92948716373812,0.40483252762762256
2024-06-03,28249.666666666668,39.551644547413915,82.61653470238551,1.3486078589749164,97.75211693536897,0.354709712838797
2024-06-04,25527.4,44.913693501237745,67.6346202570993,1.306398268933313,91.7757944271992,0.3144018544933477
2024-06-05,27056.81818181818,43.06277180297676,81.44842116905073,1.4229583191351793,89.97789634369502,0.3370594284835469
2024-06-06,34874.25,37.23503448597449,90.51568795006443,1.4176214618525387,99.08621660794529,0.45238906360532327
2024-06-07,21831.7,41.35393775005708,74.12638851844284,1.2984054482328324,88.53824391600085,0.2600412551887096
2024-06-08,20934.8,44.48272614673639,68.685050544688,1.2953856221792168,81.14720580052118,0.24671974295515345
2024-06-09,26458.4,40.94973508004266,78.53407182093734,1.3063801271211002,95.23032288841756,0.3282638224338331
2024-06-10,33224.8,39.91866439449005,86.75659892159611,1.3934392763185577,93.9887677519146,0.4280106172886312
2024-06-11,24373.0,43.26832871155425,70.29757065713424,1.3154315879201397,85.07006719794283,0.2974086551549285
2024-06-12,29729.88888888889,44.03764967900078,77.89511221342383,1.3098800408707953,91.48604703983989,0.3764004605815478
2024-06-13,30741.7,43.57220427467079,84.56547092992422,1.3975535648693111,93.35836762568451,0.3913741082971408
2024-06-14,31533.222222222223,35.83779717279554,82.6315083724245,1.3622697982830436,92.68032384785926,0.40309562361097295
2024-06-15,27243.454545454544,37.09625887582468,84.15875513381692,1.3791786891194273,95.9934499693208,0.33991937660794636
2024-06-16,23655.833333333332,37.86314535693634,67.55208558032446,1.3096997812646431,80.24598196659672,0.28685795775376516
2024-06-17,28896.0,42.818595780387135,88.49098916067568,1.420852400900978,97.96434086475477,0.3642467144130613
2024-06-18,32603.714285714286,32.11384218651405,96.09240057524131,1.5,100.0,0.4190482438367578
2024-06-19,27152.833333333332,37.46524670244097,85.40301793927652,1.4176134873585038,98.82312757649352,0.33860315437398736
2024-06-20,28008.909090909092,39.17030598250812,76.82315405229602,1.3816539648334576,92.66006696011094,0.3510972197040447
2024-06-21,20882.5,38.55861397515651,66.05568675025324,1.3713424258052307,81.86511715749809,0.24599288501240063
2024-06-22,30534.777777777777,42.87314566267372,80.294101494089,1.347592006777225,92.1939099336234,0.3882923574087629
2024-06-23,30778.285714285714,44.28680701244106,80.12855554660405,1.4174071867953302,87.38528573657118,0.39184310835332203
2024-06-24,36244.0,32.3013335778754,97.75699418859301,1.4429586581549945,100.0,0.47268280748581276
2024-06-25,28780.11111111111,38.07981950751578,83.76735977129029,1.4024968175751107,93.19450114634532,0.36252957541516584
2024-06-26,29737.81818181818,41.87716990379897,78.41134392709169,1.3947520324661105,90.4926312132838,0.3765405154671987
2024-06-27,25464.5,44.99293474806065,69.0493856436701,1.23069527770592,84.57211899985714,0.3134557523287553
2024-06-28,25490.666666666668,35.02047867840176,71.1568193207267,1.3093421257254634,83.86297717305517,0.3139612096857702
2024-06-29,26518.333333333332,42.5665980027428,71.30115527382614,1.3502199844830345,87.06167938486995,0.3290345739140304
2024-06-30,32831.6,39.34046342218118,84.62435986233568,1.3750877700212933,97.8758084285594,0.42222305268539095
2024-07-01,31780.090909090908,40.06697685082529,90.16589866710893,1.4028889883509388,97.48773896884065,0.4067714166745869
2024-07-02,35682.5,38.02619512186058,87.31024476502381,1.4116590232250497,95.81465977915254,0.464245787535858
2024-07-03,29318.777777777777,38.38454785040408,89.99682337908733,1.447609714860689,99.98016360235914,0.37054231401232784
2024-07-04,30040.333333333332,39.413084510597336,79.10880499200863,1.4013590666636597,87.10089158182605,0.3810142265678332
2024-07-05,22785.727272727272,44.726705762292895,69.37451764483987,1.3313808382055365,84.75626713869802,0.27400316863107504
2024-07-06,26555.7,37.100141782645,82.8319285926976,1.325729314646527,93.13963202690636,0.32976505091360486
2024-07-07,27477.125,44.62616367931596,77.02331654134039,1.2908997788577574,94.45734687417792,0.34321530408521794
2024-07-08,34621.0,36.734492299963705,86.56011038496715,1.4425978816991316,96.86921933569498,0.44862134228126327
2024-07-09,37501.25,38.56138861935203,88.00572129015015,1.4276895763004163,91.07410014619317,0.4910169916249386
2024-07-10,26725.75,43.13232287105092,79.57471763957999,1.3818882878556529,93.68995773328156,0.33218161740279156
2024-07-11,35250.57142857143,36.34002526905215,86.4158964077333,1.4293271666021572,91.91099848561497,0.4578771771616891
2024-07-12,26285.222222222223,39.49294535246588,78.2645156928773,1.3387807389296975,92.95560636532713,0.32571647100143375
2024-07-13,23221.0,39.52792476785238,69.84621844165885,1.3307039190597536,86.47518530796107,0.28048080007348614
2024-07-14,31961.76923076923,40.048435133858455,88.47304659191697,1.4238727545599188,99.19003319428852,0.409440804521636
2024-07-15,24057.444444444445,41.16317249046088,76.14598269808741,1.2769800970062661,93.6332538036024,0.29286766008345605
2024-07-16,30327.0,39.36518754146747,78.91308144562882,1.3756327495213982,89.77107370664605,0.38524691952715256
2024-07-17,37952.77777777778,38.00058599147661,93.12400497246713,1.437060854054124,100.0,0.4977547527209153
2024-07-18,28477.75,35.00239336731799,83.00636757400778,1.3913261484900177,92.8313901069336,0.3581000825517145
2024-07-19,29355.636363636364,39.44170661869501,79.89228320800635,1.356409750549668,90.4792884161159,0.370948708149818
2024-07-20,33089.42857142857,37.329022835686665,89.044351732824,1.4097313334314878,97.30034020850086,0.4260770558624465
2024-07-21,23211.555555555555,33.52059176348134,71.24533013454182,1.3088167732184948,85.82840932482463,0.2804138498448647
2024-07-22,20293.125,49.257446285372474,66.94927209314898,1.2446018705178785,84.84899611976878,0.23721814821057435
2024-07-23,31025.777777777777,36.96042793580755,91.74434224999487,1.445497188066958,98.31067121547866,0.395709718449279
2024-07-24,30086.0,41.05817769116349,83.25875118733111,1.3587024362764093,94.6825896971563,0.38173626538610067
2024-07-25,31803.2,42.04162286054951,84.89935000838983,1.3883346509169108,93.87881018679934,0.4070314650847474
2024-07-26,17195.6,45.171128658751016,53.127905392866694,1.270826407577582,67.9333687313698,0.19144602436981825
2024-07-27,34726.22222222222,37.90208134762845,88.60895620781008,1.4330540599223927,95.74884305342033,0.4501715102001034
2024-07-28,29999.1,41.36695116919004,82.41859007694643,1.3876470752188719,95.21081759376568,0.3804482202110142
2024-07-29,29408.2,44.970725711939934,76.68768665117777,1.4023623198896036,88.21656107316821,0.37162851152774035
2024-07-30,26975.083333333332,41.96194768610261,80.56967926599576,1.3772188417093802,88.04844400320279,0.335851316616306
2024-07-31,28449.0,42.98199773020433,73.95839053964973,1.3930987701694155,84.5100536041205,0.35748145097187856
2024-08-01,27105.916666666668,36.56992502664122,81.47335802391767,1.394803432640429,91.37878217775618,0.3378569704962205
2024-08-02,34890.5,37.52441566165744,84.98539162455837,1.4135849457594012,90.79010469585077,0.45254390425693164
2024-08-03,28789.363636363636,39.76321012490011,77.1202489272822,1.3021815775980705,91.24525070791668,0.3625835793789198
2024-08-04,34590.0,36.08308951807504,91.02017507743956,1.4421722676571218,95.3839896459977,0.44820284389832243
2024-08-05,26207.777777777777,43.178451465328266,78.3781238173305,1.4142659867274103,94.90022276436373,0.32454636594533554
2024-08-06,29702.363636363636,36.5138685911566,77.82403070456044,1.374761010505103,88.84145288335698,0.37606271078328957
2024-08-07,21822.0,42.2584819868644,65.81382323310342,1.275493953880272,82.05175088833589,0.25979148742981084
2024-08-08,28320.8,38.403176814206745,82.12156767751219,1.4260054808025153,92.8006357068573,0.3557449374090311
2024-08-09,31466.666666666668,33.39516021959852,82.87660962057784,1.370180406804179,92.54829274233711,0.402142476880106
